product.id;product.title;price;brand
1564518124;Carson Dellosa Ideal School Supply Pattern Blocks Stickers (1564518124);$12.48;Carson-Dellosa
1933622199;Lighted Folding Magnifier;$12.79;Mighty Bright
1936023407;Carson-Dellosa CD-101022 Graduation Crowns, Pack of 30;$17.98;Carson-Dellosa
1936981564;SnapWords Mini-Lessons;$14.95;Child1st Publication
B00000K3PW;Hohner 6 Piece Rhythm Instrument Set;$5.24;Hohner Kids
B00003G1TZ;Carrom 400.01 Skittles Game;$56.69;Carrom
B00004TFZO;Pressman Blockhead;$15.85;Pressman
B00004ZD81;Tic Tac Toe Board Game;$7.55;Pressman
B000050MFY;Bicycle Poker Size Jumbo Index Playing Cards;$3.87;Bicycle
B00005BAHT;Gymnic RODY Horse;$49.95;Gymnic
B00005BKZ5;SwimWays Poolside Volleyball;$50.36;SwimWays
B00005O4BU;Drueke 831.24 Wood Checkers;$9.99;Drueke
B00008JLQF;Snap! Multiplication;$11.75;Topics Entertainment
B000095S6T;Lauri Tall-Stackers - Number Express;$15.99;PlayMonster
B0000ZUEZ6;NCAA Kids Slam Dunk Hoop Set;$14.99;Rawlings
B0002Q9DOG;Dunnrite Products Regulation Size Pool/Water Basketball;$12.89;Dunnrite Products
B0002TT3KM;Ultra Pro 25count 2-Piece Plastic Box 2-pack;$2.99;Ultra Pro
B0002TT3AW;Ultra Pro 80 Card Deck Box - Red;$5.20;Ultra Pro
B00000K3PW;Hohner 6 Piece Rhythm Instrument Set;$5.24;Hohner Kids
B00003G1TZ;Carrom 400.01 Skittles Game;$56.69;Carrom
B00004TFZO;Pressman Blockhead;$15.85;Pressman
B00004ZD81;Tic Tac Toe Board Game;$7.55;Pressman
B000050MFY;Bicycle Poker Size Jumbo Index Playing Cards;$3.87;Bicycle
B00005BAHT;Gymnic RODY Horse;$49.95;Gymnic
B00005BKZ5;SwimWays Poolside Volleyball;$50.36;SwimWays
B00005O4BU;Drueke 831.24 Wood Checkers;$9.99;Drueke
B00008JLQF;Snap! Multiplication;$11.75;Topics Entertainment
B000095S6T;Lauri Tall-Stackers - Number Express;$15.99;PlayMonster
B0000ZUEZ6;NCAA Kids Slam Dunk Hoop Set;$14.99;Rawlings
B0002Q9DOG;Dunnrite Products Regulation Size Pool/Water Basketball;$12.89;Dunnrite Products
B0002TT3KM;Ultra Pro 25count 2-Piece Plastic Box 2-pack;$2.99;Ultra Pro
B0002TT3AW;Ultra Pro 80 Card Deck Box - Red;$5.20;Ultra Pro
B0006GK6JI;Loftus International Joker Large Fake Puff Cigar Costume, One Size, Brown;$3.49;Loftus International
B0006HUH8C;Trend Enterprises Math Flash Cards - Addition 0-12 - Pack of 91 Cards;$9.29;Trend Enterprises
B0006N6UIW;Estes C6-5 Engines Bulk Pack;$62.58;Estes
B0006O5I3Y;Evergreen Scale Models White Sheet Assortment;$6.15;Evergreen Scale Models
B0006O8RAK;Dowling Magnets Floating Magnet Rings;$7.85;Dowling Magnets
B0006O8QYM;Dowling Magnets North/South Bar Magnets (3.13 inches long x 1 inch wide x .38 inch thick), Set of 2;$7.50;Dowling Magnets
B0006O8RAU;Dowling Magnets Mysterious Magnet Tube;$17.84;Dowling Magnets
B0006O8RWS;Donegan OptiVisor with Lens LX-3, 1 3/4 x 14;$30.50;Donegan Optical
B0006OR4QS;VS-MAXX 25-in-1 Video Game System by Senario;$18.89;Senario
B0006Z8YB6;Constructive Playthings 00010 Light Crystal Prism, Grade: Kindergarten to 6;$7.39;Constructive Playthings
B0006ZG0BC;Glow in the Dark - Star Finder with Zodiac Dial;$9.45;Hubbard Scientific
B0006ZJPFK;SwimWays 2 in 1 Game;$83.99;SwimWays
B0007P94S2;Dowling Magnets Magnetic Numerals (.88 inch in diameter), Set of 100;$5.99;Dowling Magnets
B0007P94SM;Dowling Magnets Magnetic Base Ten, Set of 62;$5.99;Dowling Magnets
B0007UNUN2;Cowboys - Trick Rope;$9.34;Parris Manufacturing Company
B0008GHV7Q;Learning Resources Lacing Alphabet;$19.99;Constructive Playthings
B000A4RZC2;Copag Poker Size Regular Index 1546 Playing Cards;$16.95;Copag
B000B3O1A6;MATH SHOP Deluxe;$13.37;MATH SHOP
B000BNB11I;Dowling Magnets Magnet Coins;$6.30;Dowling Magnets
B000BXKN30;Doinkit Darts - Magnetic Dart Board;$29.99;Marky Sparky
B000CBR5D2;Pretend Play Family - Asian Family - Grandpa to Baby;$17.00;Constructive Playthings
B000CBSNIS;Marvel Education Co MTC-125 Marvel Education African American Family Doll Set;$22.28;Marvel Education Company
B000E5ZNTE;1961 Franklin Half Dollar;$19.99;REEDERSONG COINS
B000E9DQFI;Copag Poker Size Jumbo Index 1546 Playing Cards (Green Burgundy Setup);$16.95;Copag
B000EISGIG;1937 Walking Liberty Half Dollar;$24.95;REEDERSONG
B000ELQVAI;Schylling Classic Toy Tin Robot Wind Up, Set of 3. IMA Robot, Z-Bot, X-306;$9.21;Schylling
B000ELSZRU;Just Jump It Set of 2 EZ Steppers Agility Toy - Can Stepper Toys;$12.49;Just Jump It
B000EM98M0;Donegan LE-7 OptiSIGHT Replacement Lens Plate, 7X Magnification;$10.35;Donegan Optical
B000EPFFJC;Jax Doodle Dice;$13.19;Jax
B000EYUQYC;Learning Chess the Easy Way - Chess for Absolute Beginners;$23.86;ChessCentral
B000F32SM0;Stream Machine QF-2000 35-Inch Water Launcher Gun  (colors may vary);$18.39;Stream Machine
B000F8R21M;Didax Unifix Cubes, Set of 1000;$78.33;Didax
B000F8T076;Crayola BIN528059 Construction Paper Crayon Classpack, Reg Size, 8 Colors, Pack of 160;$37.81;Crayola
B000F8TCDS;Roylco Color Diffusing Paper - 12 x 18 inches - Pack of 50 Sheets - White;$13.86;Roylco
B000F8V5SI;Center Enterprise CE001 Cherry Scented Stamp Pads, Red;$9.24;Center Enterprise
B000F8X9D2;Center Enterprise CE506 Washable Stamp Pads, Black;$9.23;Center Enterprise
B000F8X9EQ;Center Enterprise CE061 Grape Scented Stamp Pad, Purple;$11.68;Center Enterprise
B000F8XBVC;Didax DD-2608 Compound Words Matching Puzzle Card Set;$18.92;Didax
B000F9K7JA;Kelsyus Floating Hammock;$4.09;SwimWays
B000FA3NFY;Center Enterprise CE512 Washable Stamp Pad, Harbor Blue;$5.10;Center Enterprise
B000FA6ANG;Center Enterprise CE099 3 Clock Set Stamps (Pack of 3);$10.99;Center Enterprise
B000FJ4AD4;Paricon Kids Snowball Maker. Outdoor Winter Snow Toy, Sand Mold;$7.49;Paricon
B000FJTOSK;Intrepid International Caution Horse Reflective Sticker (2-Piece);$13.89;Intrepid International
B000G7XCCU;Copag Bridge Size Jumbo Index 1546 Playing Cards (Blue Red Setup);$15.95;Copag
B000GRY9P4;Trademark Poker Cherry Bonus Slot Machine Bank with Spinning Reels;$16.71;Trademark Poker
B000GUZC2A;Munchkin White Hot Safety Bath Ducky;$2.77;Munchkin
B000H581VI;Jack Daniels Playing Cards (Pictures may vary);$6.97;Jack Daniels
B000HJVATE;Arachnid LCD Electronic Touch Pad Dart Scorer Scores up to 18 Game Types for 8 Players;$33.30;Arachnid
B000HZVOQM;(1) Hoyle Super Jumbo Bridge-Size Deck of Playing Cards (Single Pack);$11.00;MAGNIFYING AIDS
B000IGA44I;Pet Qwerks IncrediBubbles;$3.46;Pet Qwerks
B000J3WFJW;Aviator Pincohle Playing Cards;$4.29;Aviator
B000J5EXEK;1944-S Walking Liberty Half Dollar;$89.95;JDR
B000JLHSQ4;High Achiever Mathematics 2;$9.99;PC Treasures
B000JLPHYE;Bicycle Six Handed 500 Card Deck;$9.49;US Playing Card
B000JLU36G;Dowling Magnets Science Discovery Kit: Magnet Levitation;$28.61;Dowling Magnets
B000JSGLBK;The Famous Drinking Bird;$6.72;Drinking Bird
B000K05PVE;Razor RipStik Caster Board Replacement Wheel Set;$14.96;RipStik
B000KA4NOY;Champion Sports 6 Inch Coated Foam Dice;$18.64;Champion Sports
B000KBYXES;BCW Supplies 2 Mil Current Comic Mylar (50 Count Pack);$15.76;BCW
B000KSS9QY;Carson MagniCard 3x LED Lighted Magnifier (MC-99);$4.89;Carson
B000L70MQO;The Official BS Button;$8.49;Gemmy
B000LB7MRM;1941-D Walking Liberty Half Dollar;$79.99;U.S. Half Dollar
B000LI2XPQ;Harley-Davidson 61978 Traditional Bristle Dartboard;$68.99;Harley-Davidson
B000LL5XGE;Set of 12 Hacky Sacks, Assorted Colors and Geometric Patterns;$17.10;Turtle Island Imports
B000LNU6TG;Intex Inflatable See Me Sit Pool Ride for Age 3-4;$6.99;Intex
B000LQGC00;Velleman MK101 Flashing Led Sweetheart;$14.99;Velleman
B000NJBELW;Invacare 7714P Trapeze Floor Stand;$115.06;Invacare
B000NNM084;Childrens Factory CF321-300 Toddler Tumble Tunnel, Grade: Kindergarten to 4;$166.93;Children's Factory
B000NNQPHG;Center Enterprise CE6651 READY2LEARN Textured Stamps (Pack of 6);$12.63;Center Enterprise
B000NZVXBM;Gymnic RODY Horse;$49.95;Gymnic
B000OKKW1S;Crayola BIN570016 Super Soft Modeling Dough, Assorted Colors, Pack of 6;$51.30;Crayola
B000P0GI74;Flexible Flyer 30117 Ground Anchor Kit for Metal Frame Swing Sets;$22.72;Flexible Flyer
B000P1JTY2;Richard Scarry's Busytown Best Math Ever;$9.99;Simon & Schuster
B000PHSFGE;NCAA Georgia Bulldogs Toy Puzzle Cube;$9.99;Game Day Outfitters
B000PUTNU8;Unifix Cubes - Package of 300 - 10 Colors;$28.11;Unifix
B000PWZU4E;Ultra Pro 9 Pocket Page Protectors, 25 Pack;$5.66;Ultra Pro
B000QE09LA;Brand New World Community HAT Collection;$42.63;Brand New World
B000QE3VJ2;Jumbo Circular Washable Pads - 10 count - Assorted colors;$44.89;Center Enterprise
B000QE24HM;Stinky Sticker Colorful Favorites Variety Pack of 300;$9.69;Trend Enterprises
B000QTAUOG;Marvel Trading Card Game;$9.99;Konami
B000QYF8CA;ETA hand2mind 65501 Sight Words in a Flash Advanced Flash Card Set;$11.79;ETA hand2mind
B000R4Q0RQ;Beistle Gold Legacy New Year's Eve Party Assortment for 10;$25.25;Beistle
B000R72TC8;Spa Comforts Hot Diggity Dog;$30.50;DreamTime
B000RJP3ZG;1961-D Franklin Half Dollar;$16.75;Joes Attic
B000RK2WG8;Center Enterprise CE6611 READY2LEARN Circular Washable Pad, Brown;$9.25;Center Enterprise
B000RLIJIW;Speedstudy - Trigonometry;$14.99;SPEEDSTUDY
B000TA58HQ;Velleman MK129 Crawling Microbug;$16.70;Velleman
B000UVCZM0;Fat Cat Felt Lined Dice Cup with 5 Dice;$9.56;Fat Cat by GLD Products
B000UVFMRU;Mainstreet Classics Traditional Wooden Cribbage Board Game Set;$10.99;Mainstreet Classics by GLD Products
B000VAZKQI;CMS Magnetics 15 ML or More Magnetic Ferrofluid for Science Projects or Fun;$9.99;CMS MAGNETICS
B000VDCM20;Center Enterprise CE6901 READY2LEARN Spoon People Puppet Kit (Pack of 4);$12.56;Center Enterprise
B000VL621O;Da Vinci Ruote, Italian 100% Plastic Playing Cards, 2-Deck Bride Size Set by Modiano, Jumbo Index;$13.99;Modiano
B000WOQH88;Harry Potter Sirius Black Wand;$37.50;The Noble Collection
B000WQYI0K;1943 D Walking Liberty Half Dollar;$18.50;REEDERSONG
B000X2H8VY;Uterus Ovary Model;$78.45;GPI Anatomicals
B000X7Q9K0;Chenille Kraft AC3584 3584 Gemstones Classroom Pack, Acrylic, 1 Lbs., Assorted Colors/Sizes;$14.99;Chenille Kraft
B000XA3XSS;Prism Jazz Dual-line Stunt Kite;$46.55;Prism Kite Technology
B000XIDU6A;Mercury Adhesives M300M 2oz (medium CA);$10.49;Mercury Adhesives
B000XIIZAQ;Mercury Adhesives M5T 1oz (thin CA);$5.99;Mercury Adhesives
B000XIHSAO;Mercury Adhesives M5T 2oz (thin CA);$10.49;Mercury Adhesives
B000XN0CGQ;2003 S Proof Set in Original US Government Packaging;$27.99;Proof Sets
B000XTF1XY;Copag Bridge Size Jumbo Index 1546 Playing Cards (Green Burgundy Setup);$15.95;Copag
B000YH2XB8;NHL Pittsburgh Penguins Table Top Hockey Game Players Team Pack;$18.99;STIGA
B000YP3BYS;Bicycle 1018404 Tragic Royalty Playing Cards;$5.70;Bicycle
B000Z4JPA2;Beistle 55105-12 Party Supplies, 2 Piece, Yellow/Green;$5.36;Beistle
B0010JYML8;Reader Rabbit's Interactive Reading Journey 2;$24.95;The Learning Company
B0010YAEI8;Da Vinci Dice Tray with 5 Dice for Casino or RPG Games, DND and Gaming;$14.99;Da Vinci
B001167D5M;Scott Resources Mineral Test Kit;$14.66;Scott Resources
B0011WYMI2;Carson Lighted MagniGrip 4.5x LED Lighted Magnifier with Precision Tweezers (MG-88);$10.99;Carson
B0011XZQYK;REP Walleye Cribbage Set       W/Cards  712;$30.75;River's Edge Products
B00127UYRE;Hoyle Kid's Fun Pack- Card Games (Artwork May Vary);$6.99;Hoyle
B0012H93KS;Valentine Red Paper String Candy Hearts, 6 Ct. | Party Decoration;$5.48;Amscan
B0012HA924;BCW - Currency Portfolio - (Dollar Bill Combo Storage Album) - Currency and Coin Collecting Supplies;$9.65;BCW
B0012ZI6GC;Qualatex 43799.0 100-Count Latex Balloon, 11-Inch, Tropical Teal;$16.13;Qualatex
B0013JPVN8;Alex Art Draw Like A Pro;$32.56;ALEX Toys
B00146GEX6;Worry Doll 2 Inch Size - One Dozen;$9.95;Maya Traditions - Guatemala
B00146I9B6;Hacky Sack~ Set of 3 ~ Assorted Colors ~ High Quality ~ Imported From Guatemala;$7.99;HACKY SACK
B0014V4R4O;MAGNETIC RATTLE SNAKE EGGS SET;$7.01;A To Z Stores Online
B0015KEIXE;Little Folk Visuals Five Speckled Frogs Precut Flannel/Felt Board Figures, 11 Pieces Set;$14.95;Little Folk Visuals
B0016P2E2U;Roylco Face Forms 10/pk;$12.89;Roylco
B0017QABEQ;Fun Noodle;$6.49;Aqua World
B0018123VE; Trademark Poker 10-41040 Play The Game Lucky Slot Machine Bank;$13.86;Trademark Poker
B00181ENHG;1882 Indian Head Cent;$8.99;copper indian head penny
B00192CC8Q;None Owl Pellets (Set of 5);$12.95;None
B0019HX3CK;Sports Party Rings (asstd colors) Party Accessory  (1 count) (15/Pkg);$6.10;Beistle
B0019HX9ZQ;Inflatable Palm Tree Party Accessory (1 count) (1/Pkg);$8.34;Beistle
B001A30S2Q;1992 - GEM PROOF - U.S. PROOF SET;$25.00;US Proof Set
B001ANRRY8;Bicycle 3-Track Color Coded Wooden Cribbage Game;$13.21;Bicycle
B001AQDA50;Alex Discover My Giant Busy Box;$21.98;ALEX Toys
B001AZ1GZW;Mr Sketch Mr. Sketch Watercolor Scented Marker Set, 4-7/8 x 3/4 in, Assorted Colors - 059361;$6.04;Mr. Sketch
B001AZBRQK;School Specialty Blank Flash Cards - 2 x 3 - Pack of 1000 - Manila;$9.99;School Specialty
B001AZA04U;Dowling Magnets Magnet Marbles (.63 inch in diameter), Set of 20 in clear dish;$6.99;Dowling Magnets
B001B1LVN2;Kitten Party Pin Game;$6.99;Creative Converting
B001B7RM84;Copernicus Real Owl Pellet;$7.72;Copernicus
B001BA9PV8;SPLAT IT Splat-1EG Squeeze Egg Ball;$4.17;SPLAT IT
B001BWNR60;2004 S US Mint Silver Proof Set OGP;$26.95;US Mint
B001BWK12S;US Proof Set 1972;$8.99;US Mint
B001C5T6HU;KinderMat Toddler Rest Mat with Pillow, 3/4 Inch Thickness, 8-mil Vinyl;$25.94;KinderMat
B001CE7GAA;1994 us .999 silver eagle ounce oz 1 dollar coin bu unc;$49.95;Twin City Gold
B001CG7UTK;Cp Toys 16 Pc. Pretend Play Healthy Dinner Plastic Food Set for Two;$36.75;Constructive Playthings
B001CI69Z4;Spalding Rookie Gear Soccer Ball;$21.48;Spalding
B001CNPKJU;Easter Door Cover Party Accessory (1 count) (1/Pkg);$5.25;Beistle
B001CYM06K;Dowling Magnets Magnetic Pattern Blocks, Set of 49;$6.99;Dowling Magnets
B001DB4W3G;Uncle Milton Ant Farm Live Ant Habitat, Light-Up Gel Colony;$28.92;Uncle Milton
B001DIFZXU;1926 Circulated Peace Dollars;$62.50;Silver Dollars
B001DRRICM;Center Enterprise CE6736 READY2LEARN Giant Geometric Shapes Outlines (Pack of 10);$11.99;Center Enterprise
B001DX7O4S;1993 American Eagle Silver Dollar;$142.66;Silver American Eagle Dollar
B001DYFFTS;Kasparov - How to Play Najdorf Volume 2;$37.95;ChessBase
B001DYJ5B2; Scandinavian;$30.00;ChessCentral
B001E5IC78;Viper Dry Erase Scoreboard, Cricket and 01 Dart Games, White;$22.11;Viper by GLD Products
B001EA206M;Westminster Self-Inflating Whoopee Cushion - Model# 0052 - Assorted Colors;$6.99;Westminster
B001EJT0M0; 1978 U.S. Proof Set in Original Government Packaging;$11.99;Proof Sets
B001EJSZSK;1972 U.S. Proof Set in Original Government Packaging;$8.99;US Mint
B001EJWMOI;1987 U.S. Proof Set in Original Government Packaging;$9.15;xx
B001EJUJYS;1983 US Mint Proof 5 Coin Set Original Box,US Mint" />;$12.48;US Mint
B001EJZMY0; 1970 U.S. Proof Set in Original Government Packaging;$15.49;Proof Sets
B001EJZNHQ;1998 Silver U.S. Proof Set in Original Government Packaging;$24.50;US Mint
B001EJZPCO;2002 S Proof Set in Original US Government Packaging;$16.98;Proof Sets
B001EQMY94; Testors Aerosol Lacquer Paint 3oz-Mystic Emerald;$8.67;Testors
B001ETO5HA;Trademark Global Left Center Right Dice Game;$9.39;LCR
B001EVKQKS;SEA and SKY Wilderness Survival Playing Cards;$8.84;SEA and SKY
B001F0EZDW;SII NEW!!!Bingo #1 Dauber 6 Pocket Tote Bag;$17.95;SII
B001FX9X5E;Deluxe Wooden Barn Playset;$63.38;Constructive Playthings
B001FY2VDO;Rhode Adventure Planet Bug Catcher, 6-Piece Box Set;$5.99;Rhode Island Novelty
B001G51ZVG; Official Live Strong Lance Armstrong Yellow Cancer LiveSTRONG Rubber Wristband Bracelet YOUTH size;$5.48;Livestrong
B001G5PSY6;Coghlan's No See Um Headnet;$4.17;Coghlan's
B001GQFWGO;3-Piece Hanging Cutout Party Decorations, Under Construction;$5.19;Creative Converting
B001GU4GV2;Evan-Moor EMC3724 History Pockets: The American Civil War Book, Grades 4-6+;$16.99;EVAN-MOOR
B001HNIPWY; Lots to Love Doll Baby, 10 Inches, Various Doll Styles, Asian;$12.03;Lots to Love
B001HWE42U; BCW 1-ALB3C-CN-BLK 3 In. Album-Coin Collectors-Black;$12.95;BCW
B001J1KJBO;Bicycle Fantasy Themed Poker Size Standard Index Playing Cards;$6.63;Bicycle
B001JGNT4I;Upper Deck World of Warcraft Drums of War PVP - Battle Decks;$11.99;Upper Deck
B001JIJ2JW;Baby King Rattle Keys;$5.98;Baby King
B001K7S6VM;Darice Timeless Miniatures  Assorted Beer Cans, Multi-color;$4.69;Darice
B001KMV1SW;Flexible Flyer Snow Seat Sled. Lightweight Portable Butt SNO Slider;$9.99;Flexible Flyer
B001KP5TPK;CoachDeck Basketball Drill Cards;$19.95;CoachDeck
B001KU83AI;Razor MX400 Dirt Rocket 24V Electric Toy Motocross Motorcycle Dirt Bike;$11.05;Razor
B001L62MJO;Kids Plastic 12 Pc. Bowling Set Party Toys;$10.49;Fun Express
B001MKRQBS;Stink Bombs 12 Boxes;$9.99;Stink Bombs
B001MPYVF2;Akira: Kaneda on Motorcycle (Deluxe Boxed Set) by McFarlane Toys;$199.99;McFarlane's 3D Animation from Japan 2
B001N9T7Y2;1776-1976 3 PIECE BICENTENNIAL SILVER SET;$19.95;United States Mint
B001NETDSM;Simple And Motorized Mechanisms Base Set by LEGO;$199.95;LEGO
B001NVAL9U;Constructive Playthings RED-94 Emergency Medical Cart For Pretend Play, Grade: Kindergarten to 3;$71.98;Constructive Playthings
B001O16SZ0;NHL Chicago Blackhawks Table Top Hockey Game Players Team Pack;$24.99;STIGA
B001OVP1B2;Bicycle 1800 Vintage Series Playing Cards by Ellusionist (Red);$9.96;Ellusionist.com
B001PLT7WA;Set of 3 Hacky Sacks, Rasta Colors in Assorted Geometric Patterns;$6.50;Turtle Island Imports
B001PMWBVI; Lots to Love Doll Baby, 10 Inches, Various Doll Styles, Hispanic;$18.02;Lots to Love
B001PZ5UV8;Superstart 3rd Grade Math;$12.99;Superstart
B001Q5SXS4;Tara Toys Party Destination 208795 Uno Mini Games;$8.02;Tara Toy Corporation
B001Q6U0T8;Speed Stacks Sport Stacking Set;$19.25;Speed Stacks
B001R1WZ90;EVI-PAQ ID Tent 1-20 (Cut Out Type);$45.68;EVI-PAQ
B001SITR9S;JCONCEPTS INC Carvers Tire, Blue: 2.2 Truck (2);$3.68;J Concepts
B001UG17JG;Learning Advantage, Play Dollar Plastic Coins - Set of 50;$5.38;Learning Advantage
B001UG0BFC;Center Enterprise CE6753 READY2LEARN Giant Feelings Stamps (Pack of 10);$10.99;Center Enterprise
B001UG0BJ8; Learning Advantage 7210 Two Color Counters Magnetic Set Of 200;$12.18;Learning Advantage
B001UG3FJG;Learning Advantage 7706 Reflector Geo-Mirror Geometry;$8.29;Learning Advantage
B001UG3FH8;Learning Advantage 7649 360 Degree Angle Viewer Protractor;$12.37;Learning Advantage
B001UG59LI;edx education Fruit Counters - Pack of 108;$22.99;edx education
B001UL3E42;WikkiStix WKX809 Super Wikki Stix, 3' Long, Pack of 48;$11.25;WikkiStix
B001V70CB8;DirtBag Footbag Classic Sand-filled Hacky Sack;$8.50;Dirtbag
B001V9BBCA;Congress Tulips Playing Cards;$16.15;Congress
B001VCL44M;Velleman MK107 Led Running Light;$13.08;Velleman
B001VZJDY2;Tamiya Track and Wheel Set (70100);$8.49;Tamiya
B00207H1H6;Dowling Magnets Foam Fun Black Lowercase Magnet Letters (1-2 inches high), Set of 108;$21.99;Dowling Magnets
B00207FC4U;Dowling Magnets Foam Fun Black Uppercase Magnet Letters (1-2 inches high), Set of 108;$18.69;Dowling Magnets
B00207QP0A;Dowling Magnet 731022 Mini Science Kit;$9.55;Dowling Magnet
B00207U0K6;Dowling Magnets Foam Fun Magnet Counters, Set of 120;$10.59;Dowling Magnets
B0020K2J5C;Heraclio Fournier No. 1 Spanish Playing Cards;$7.89;Heraclio Fournier
B0021H0DZW;Student Owl Pellet Kit;$26.95;MHB
B0023S31S0;Copag Bridge Size Jumbo Index 1546 Playing Cards (Black Gold Setup);$15.95;Copag
B0023XT5N0;Loftus Mini Playing Cards -1PACK;$4.87;Loftus
B0025XAA4Q;1901 Indian Head Cent / Penny;$6.09;US Mint
B00279GNG2;Bicycle Prestige Dura-Flex Playing Cards (Colors May Vary);$8.33;Bicycle Prestige
B0027FTMRI;2000 S Proof Set in Original US Government Packaging;$26.99;Proof Sets
B0027IVMWI;Franklin Sports Youth Football Goal Post Set;$34.06;Franklin Sports
B0028FQ27K;Gymnic RODY Horse;$49.95;Gymnic
B0028RQEWG;NHL New York Rangers Table Top Hockey Game Players Team Pack;$18.02;STIGA
B002A5L1TM;Glow in the Dark Halloween EYE Ball Bouncy Balls 32 Mm Size Eyeballs - 12ct;$4.98;Rhode Island Novelty
B002BBK6YQ;HF0612 One Way Needle Bearing/Clutch 6x10x12 Miniature Needle;$1.99;VXB
B002C3R182;Insect Lore Cup of Caterpillars with Deluxe Chrysalis Station Live Habitat Kit Refill;$18.69;Insect Lore
B002CJMBF4;Original Toy Company Dantoy Crocodile Rocker;$45.92;The Original Toy Company
B002IXGJPC;KinderMat Heavy-Duty Nap Mat, Blue/Teal Vinyl Kids mat;$29.95;KinderMat
B002JAZ9GY; Bicycle Playing Card Deck, 2-Pack;$7.39;Bicycle
B002L6JFK2;Multimedia Calculus I Calculus Success Cd-rom;$8.95;multimedia
B002LFCR1M;Mainstreet Classics 15-Inch Backgammon Board Game Set;$41.99;Mainstreet Classics by GLD Products
B002LFITPK;Mainstreet Classics 18-Inch Backgammon Board Game Set;$60.83;Mainstreet Classics by GLD Products
B002MQEDDU; Brybelly 5 Count 19mm Dice (Red);$6.95;Brybelly
B002O1BSRC;Make A Pumpkin Stickers (1 DOZEN) - BULK;$3.34;Fun Express
B002Q6WWJS;Solar Lab 1.0 Electricity Learning Kit;$49.85;Sundance Solar
B002QGAF8S;Ultra Pro Resealable Current Size Comic Bags (Pack of 100);$10.99;UltraPro
B002R9DQQ2;T.J. Wisemen Remote Control Fart Machine No. 2 Funny Gag Gift Joke Prank;$12.50;T.J. Wisemen, Inc.
B002R9I54K; Forum Novelties Bullshit Button;$9.99;Forum Novelties
B002RCL7JW;Calico Critters Pickleweeds Hedgehog Family;$13.59;Calico Critters
B002S3RWNK;Micro Maxi Kick Scooter with T-bar;$129.99;Micro Kickboard
B002SBP9K0;The Famous Drinking Bird;$5.97;Drinking Bird
B002SDBCVS;1966 US Special Mint Set;$14.79;Mint Sets
B002SDEZ1M;1967 Special US Mint Set;$18.89;Mint Sets
B002SFI77I;World War II 50th Anniversary Commemorative Coin Set;$68.99;Commemoratives
B002SOUDXU;Micro Maxi Kick Scooter with T-bar;$129.99;Micro Kickboard
B002UTJGIG;Math- Fractions [Download];$4.99;Innovative Knowledge
B002UZ35RI;Young Scientists Frog Dissection Kit;$12.75;Carolina Biological Supply Company
B002XY4PQQ;Lifetime Basketball Double Shot Arcade System;$211.69;Lifetime
B002YMOQR0;Rico Industries NFL Dallas Cowboys Face Tattoos, 8-Piece Set;$8.62;Rico Industries
B002Z4LA5S;Marvel MTC-315 Pretend Play Puppetry Medical Doctor Hand Puppet;$15.99;Marvel
B002ZJYHNK;Jigsaws Galore Animals! set 2;$19.95;Jigsaws Galore!
B003079JQQ;1943 Walking Liberty Half Dollar;$16.95;Half Dollars
B00331YSNS;Center Enterprise CE6758 READY2LEARN Set 2 Paint and Clay Explorers (Pack of 4);$11.73;Center Enterprise
B0035A3JUK;Early Childhood Resources Small Plastic Art Caddies - Set of 4 - Assorted Colors;$20.80;School Specialty
B0035Y44SC;Geo World Bugs World Collection of 12 Real Insects;$52.50;Geoworld
B00362KX24;Kids Straw Cowboy Sheriff Party Hat W/star, 1 Pack, Color May Vary;$7.99;BirthdayExpress
B00362KXNS;US Toy Mini Horses Action Figure (1 Dozen);$4.60;U.S. Toy
B00362MIMC;U.S. Toy GS93 Metal Cans (Pack of 12);$15.67;U.S. Toy
B00362RT3U;US Toy Assorted Color and Design Tropical Fish Figure Play Set (Lot of 12);$4.96;U.S. Toy
B003639D42;Mardi Gras Crawfish;$7.50;Century Novelty
B0036FYAY8;Language Learning with Spider-Man;$7.62;Git Corporation
B0038BOEKU;Royal Trumpet Banner Cutouts;$6.99;Century Novelty
B0038R8T8C;2010 Proof Presidential Dollar Set in Original US Government Packaging;$21.99;US Mint
B003BL3U7K;Brybelly 12 Mixed Decks Casino Playing Cards Used In Real Nevada Casinos with Free Bounty Button Kit;$20.96;Brybelly
B003CO52BI;Forum Novelties Fake Chunky Dog Doo;$4.73;Forum Novelties
B003CRN2IU;Prestige Medical Stick Nurse Tote Bag;$10.64;Prestige Medical
B003DMITE6;WE Games Best Value Tournament Chess Set - Filled Chess Pieces and Green Roll-Up Vinyl Chess Board;$16.99;WE Games
B003E1APNE;New 1 Pair of Youth Black 10oz Boxing Gloves For Kids;$10.99;Rex
B003E6Q8R6;Quality Aviator Casino Playing Cards - 2 Decks;$6.49;Aviator
B003EGDB58;US Playing Card Co. Bee No. 92 Diamond Back Club Special Red/Blue 12 Decks;$37.49;US Playing Card Co.
B003EREJIU;Just Jump It L'il Lariats;$14.99;Just Jump It
B003FRJPUQ;Champion Sports Youth Sock Style Soccer Shin Guards;$13.01;Champion Sports
B003FRJPP6;Champion Sports Youth Sock Style Soccer Shin Guards;$13.01;Champion Sports
B003KFRXPM;Rico Industries NHL Face Tattoos, 8-Piece Set;$5.99;Rico Industries
B003KHCXOQ;Rico Industries NBA Face Tattoos, 8-Piece Set;$8.97;Rico Industries
B003KY0NUA;Rhode Island Novelty 5' Blue Inflatable Martian Alien Prop Toy Decoration;$7.95;Rhode Island Novelty
B003KXWHPK;Rhode Island Novelty 5' Green Inflatable Martian Alien Prop Toy Decoration;$9.05;Rhode Island Novelty
B003M4LXLQ;Bicycle World Series of Poker Playing Cards (2-Pack);$9.56;Bicycle
B003O86DGU;Gym Dandy Teeter-Totter Home Seesaw Playground Set TT-210;$115.99;Gym Dandy
B003POF02G;1975 Trivia Playing Cards: Great Birthday or Anniversary Gift;$9.95;Flickback Media, Inc.
B003PSR0U2;Forum Novelties Real Looking Fake Rat Prop for Halloween;$6.67;Forum Novelties
B003U1OS36;Wilkins RK12-420 Repair Kits;$13.16;Wilkins
B003V1DM8C;Marvel Pretend Play Family - Caucasian Dolls - Set of 8;$18.50;Marvel Education Company
B003V1DN3G;Sportime Playground Ball, 8-1/2 Inches, Red;$5.69;Sportime
B003YL8GMQ;Franklin Sports Youth Compression Short with Cup;$8.99;Franklin Sports
B004082MX6;MacGregor SportLine Tabletop Scoreboard Wheeled Stand;$67.61;MacGregor
B0042CVJPW;NBA Boston Celtics Slam Dunk Softee Hoop Set;$14.99;Rawlings
B0042SR5RM;Marvel Education MTC-982 3-Wheel Sand and Water Mill;$18.71;Marvel Education Company
B0042SRB6C;Sportime Multi-Purpose Inflatable All-Balls, 3 Inches, Set of 6;$18.42;Sportime
B0042SSPAI;Crafty Dab Kids Paints - Set of 10 - Assorted Colors - Scented;$20.99;Crafty Dab
B0042SSWII;Handwriting Without Tears Slide Stamp and See Screen, 4 X 6 in, Wooden;$23.35;Handwriting Without Tears
B0042SSZRQ;Sensation Products VibraDerm Skin Massager;$33.76;Sensation Products
B0042SSSQO;Didax Anemometer - Wind Speed Measurement Tool;$32.31;Didax
B0042ST6U6;Sportime Spring Balls Super Hop 55 - 22 to 24 Inches;$32.97;Sportime
B0042ST82M;Sportime Junior Ultrafoam Bowling Set, Orange;$65.92;Sportime
B0042SUIYY;School Specialty Color Concepts Art Display Cards - 18 x 6 inches - Set of 16;$7.07;Crystal Productions
B0042SWOQY;Abilitations Integrations Chewlery Chewable Jewelry - Set of 7 - Assorted Colors;$29.99;Abilitations
B0042SWTXM;School Smart Gradeballs Rubber Basketballs - Junior Size - Set of 6 - Assorted Colors;$66.65;School Smart
B0042SWXS8;Sportime Indestructible Bean Bag Turtles, Set of 6;$27.99;Sportime
B0042SX2MY;Decorate Me Art Activity Box Classroom Pack, White, Pack of 12;$31.76;Aurora General Box
B0042SX1PW;Sportime Heavy Duty Nylon Bean Bags - 5 x 5 - Set of 12 - Assorted Colors;$14.62;Sportime
B0042SYMXW;Sportime Professor Confidence Juggling Ball Set, 2 Inch, Assorted Color, Set of 3;$17.00;Sportime
B0042SYNC2;Abilitations Yuk-E-Ball Fidget, Transparent;$11.02;Abilitations
B0042SYR7I;Kelly's Craft School Specialty Suncatcher Group Pack, 3 - 3-1/2 in, Pack of 12 - 408996;$12.06;Kelly's Craft
B0042SYXHC;Hacky-Sack Boota Footbags, Set of 6;$9.75;Hackey-Sack
B0042SZ6NM;School Smart Spot Markers - 10 Diameter - Set of 6 - Assorted Colors;$16.29;School Smart
B0043JOOEW;Monster Protector MB-9P-HGR 9-Pocket - Holofoil Green;$16.82;Monster Protector
B0044SA0WM;Primary Concepts My Writing Journal;$32.65;Primary Concepts,
B0044SC57A;Creativity Street Jumbo Messy Mat, 38 x 80 Inches, Yellow;$20.91;Creativity Street
B0044TGS1I;Prism Stowaway Delta Single-Line Kite;$35.07;Prism Kite Technology
B0045WU70W;Calico Critters Yellow Labrador Family;$14.49;Calico Critters
B0047ZZJTQ;Thumbsup UK, Da Vinci Catapult Kit, Wood;$20.99;THUMBS UP
B00496VDXO;IOTC Science Purchase 78TELE15 Handheld Brass Telescope with Wooden Box;$15.50;IOTC
B004AC75Q6;Spalding NBA Mini Hoop Set;$19.99;Huffy
B004ALJGDC;Learning Advantage Quizmo Multiplication And Division Math Game Classroom Boardgame;$15.89;Learning Advantage
B004ALKEYM;Learning Advantage 8242 QUIZMO Fractions and Decimals Card;$21.04;Learning Advantage
B004ALRJKE;Learning Resources Primary Science Jumbo Test Tubes with Stand;$15.99;Learning Resources
B004B4Y5NY;Pinewood Derby Wire Weights;$3.95;ABC Pinewood Derby
B004B5BWZW;Toy Plastic Black Binoculars;$6.99;Party Destination
B004C8I0B2;Guidecraft Interlox Squares - 96 Piece Set Interlocking Construction Toy;$19.95;Guidecraft
B004DEJEDI;Authentic Dinosaur Tooth - 1 Genuine Spinosaurus Fossil Tooth - Extra Large!;$28.49;Beverly Oaks
B004DQUGUG;Game Room Guys 1976 Bally Fireball Home Pinball Rubber Ring Kit;$24.99;Game Room Guys
B004E3O6EA;Carson-Dellosa CD-140044 Science File Folder Games File Folder Game, Grades K-1;$25.98;Carson-Dellosa
B004E5KWQO;Jigsaws Galore Flowers and Gardens Set 10;$19.95;Jigsaws Galore!
B004E5KWTG;Jigsaws Galore! Pets At Home, Set 1;$19.95;Jigsaws Galore!
B004EIOLFO;Pewi Y-Bike;$5.10;YBIKE
B004EKBEIO;Childrens Factory CF910-007 Cube Chairs - Set of 4;$200.16;Children's Factory
B004I6TZWQ;Multipet's Look Who's Talking Plush Goldfish Dog Toy, 6.5-Inch;$8.42;Multipet
B004IU580A;Copag Poker Size Jumbo Index - 1546 Orange and Brown Setup Playing Cards (Multi);$16.95;Copag
B004IVAY44;Toy Supply Horse Breeds of the World Playing Cards;$7.98;Toy Supply
B004IZS3TI;Stepping Domes for Kids - Active Play Activity;$80.49;Constructive Playthings
B004IZTMM0;Bilingual Classic Story Book Set;$41.85;Constructive Playthings
B004IZTNGA;Constructive Playthings CPX-056 Constructive Playthings Washable Tempera Paint - Set of 9 Pints;$28.45;Constructive Playthings
B004J2HY2M;Lifetime Monkey Bar Adventure Swing Set with 9 Foot Wavy Slide;$999.99;Lifetime
B004JQZEAW;Rocky Mountain Climbing Gear UX-JQ80-HV6T 10 Large Screw On Climbing Holds;$10.00;Rocky Mountain Climbing Gear
B004K0Q8LG;Lifetime Geometric Dome Climber Jungle Gym;$172.60;Lifetime
B004LHSMX0;Just Jump It Rainbow Lil Lariat- Junior Lasso- pre-tied-20';$14.99;Just Jump It
B004LW7OB6;Bicycle Playing Card Games;$7.45;Bicycle
B004M42ER2;Perfect Petzzz Kitten;$40.14;Perfect Petzzz
B004MW55Z2;Chicco 1716000070 Red Bullet Balance Training Bike;$4.01;Chicco
B004NAO5DQ;Bicycle Dragon Back Playing Cards;$5.75;Bicycle
B004O417B4;Modiano Texas Poker Hold'em 100% Plastic Playing Cards, Jumbo Index, Poker Wide Size;$9.99;Modiano
B004OTRW7C;Shelti Performance Games Bubble Hockey Replacement Puck;$7.49;Shelti
B004PR49EM;Kid O Free Play Magnatab;$19.80;Kid O
B004R7DUZ4;Ultra Pro Card Supplies YUGIOH Deck Protector Sleeves Green 60 Count;$4.94;Ultra Pro
B004RR3MAW;40 Milton Bradley Crossfire Game Replacement Steel Balls;$9.99;BC Precision
B004T2CBD4;Ultra Pro 9-Pocket Black PRO-Binder;$19.41;Ultra Pro
B004U6LPAY;Boston Big Game Fishing Club Kite;$79.99;Boston Big Game Fishing Club
B004UPY1J2;Big Party Pack Festive Green Luncheon Napkins | Pack of 125 | Party Supply;$7.79;Amscan
B004V2MX6C;Learning Resources Dice Domes Deluxe;$11.09;Learning Resources
B004W3WM8E;Plushland Sock Monkey;$16.99;Plushland
B004W6RECU;YOTTOY Madeline Doll Collection;$49.99;YOTTOY
B004XHW5AO;Forum Novelties 2 Tone Glasses, Neon Pink/Green;$6.33;Forum Novelties
B004XHXGP2;Assorted Sports Tattoos Package of 144;$5.55;Cooluli
B004YJRPME;Constructive Playthings 9425 Make-A-Sandwich - Pretend Food for Kids;$26.96;Constructive Playthings
B004Z8Y44G;Center Enterprise CE6903 READY2LEARN Upper/Lower Lacing Alphabets Combo (Pack of 52);$24.99;Center Enterprise
B004ZAITPO;ECR4Kids Softzone Foam Big Building Blocks, Soft Play for Kids (7-Piece Set), Big Blocks, Primary;$99.88;ECR4Kids
B004ZAITYK;ECR4Kids SoftZone Single Tunnel Maze Foam Play Climber;$368.75;ECR4Kids
B0051A5VL2;Amscan Silver Luncheon Napkins Big Party Pack, 125 Ct.;$8.97;Amscan
B0051YVCN4;Ohio State Buckeyes Toy Puzzle Cube;$8.49;Game Day Outfitters
B0051YVG9O;NCAA South Carolina Fighting Gamecocks Toy Puzzle Cube;$9.68;Game Day Outfitters
B00524H8MC;Carson 5X MiniBrite LED Lighted Slide-Out Aspheric Magnifier with Protective Sleeve;$7.79;Carson
B0052NQWFM;Wham-O Original Hula Hoop, Set of 3 - Fitness and Classic Toys for Ages 5 Years and Older;$31.99;Wham-O
B0054RVYZ4;Rocky Mountain Climbing Gear QH-G3IN-ZLO6 25 Kids Large Rock Climbing Holds;$4.34;Rocky Mountain Climbing Gear
B00557TFG8;Marinoff Low Vision Poker Size Playing Cards ** 2 DECKS ** Blue/Red;$12.95;Marinoff
B0055DZQZG;Aristocrat Bank Note 727 Playing Cards 2 Deck Set;$13.47;Aristocrat
B0055F55JQ;1.5 oz. Pink foil confetti;$5.99;Crown Display
B0055F562C;1.5 oz. Multi foil confetti;$5.99;Crown Display
B0055F5604;1.5 oz. Silver foil confetti;$5.99;Crown Display
B0055F55SC;1.5 oz. Red foil confetti;$5.99;Crown Display
B0055F563Q;1.5 oz. Iridescent foil confetti;$5.99;Crown Display
B005776CSK;Micro Maxi Kick Scooter with T-bar;$24.14;Micro Kickboard
B0058NQATY;First Steps in Attack - Andrew Martin (PC-DVD);$27.95;ChessBase
B0058NUBW6;Constructive Playthings MTC-117 Ethnic Doll - Native American Girl;$18.38;Constructive Playthings
B00597MOYY;Pressman Toy Double Six Wooden Dominoes, 28 Pieces;$5.33;Pressman
B005AUTMS6;Middle School Advantage 2012 AMR;$24.74;Encore
B005AY1RP8;Constructive Playthings SNG-963 Wooden Deluxe Kitchen Play Set, Grade: kindergarten to 3,;$90.89;Constructive Playthings
B005D1WNVU;Ultra Pro 44mm X 68mm Mini European Board Game Sleeves 50ct;$5.49;Ultra Pro
B005E9K5W0;Colorations WOODCAR Real Rolling Wooden Cars (Pack of 12);$32.32;Colorations
B005E9JRVU;Colorations BVRD Colorations Classic Colors Best Value Dough (Pack of 6);$44.59;Colorations
B005E9KN2W;ETA hand2mind 3/4-Inch Multi-Colored Linking UniLink Cubes (Set of 500);$31.33;ETA hand2mind
B005EOJTFE;Guidecraft Interlox Squares - 96 Piece Set Interlocking Construction Toy;$19.95;Guidecraft
B005GLDPCI;United Scientific Supplies CMSET6 Floating Magnet Set;$6.87;United Scientific Supplies
B005GLISE8;Bicycle Standard Face Playing Cards, 2 Piece;$6.64;Bicycle
B005GQ5TUE;Anime One Piece Luffy and Characters Playing Cards Poker Cards Deck #1;$6.99;US Playing Cards
B005GVI5LO;Imperial Bumper Pool/Billiard Table Replacement Rubber Bumper Post Rings, Red/White, Pack of 12;$13.99;Imperial
B005HGF1HE;Legendary Whitetails Camo Wild Whitetail Plush Deer;$10.35;Legendary Whitetails
B005HUXGCW;ECR4Kids Softzone Wheel of Mirrors;$91.19;ECR4Kids
B005JAM5GS;Rhythm Band RB801 Rhythm Rounders, (Set of 24);$24.00;Rhythm Band
B005JM75N4;1893 U.S. Indian Head Cent / Penny Coin;$6.99;United States Mint
B005KOBF64;Pirate Tattoos 72 Per Package, Assorted Styles;$4.98;Fun Express
B005KSHX9S;KONG Teddy Bear Catnip Toy for Kittens, Colors Vary;$6.53;KONG
B005KVNPP6;Smiley Hearts Stickers;$4.10;Fun Express
B005LOO4PC;WHPH Play Visions gwegwe;$10.99;Play Visions
B005LRB73G;Extra Fine German 1920-A 50 Pfennig;$8.95;Berlin Mint, Germany
B005NF3R7U;Crayola Washable Markers, Broad Line;$4.20;Crayola
B005NWGISS;Molymod MMS-009 Inorganic/Organic Chemistry Molecular Model, Student Set (52 atom parts);$20.49;Molymod
B005NWGIC4;Molymod MMS-008 Organic Chemistry Molecular Model, Student Set (50 atom parts);$29.69;Molymod
B005NWGJJQ;Molymod MMS-015 Elementary Organic Molecular Model Set (30 atom parts);$19.00;Molymod
B005P3LHOU;Abilitations Textured Sensory MudBall Fidgets, Set of 3;$38.97;Abilitations
B005P3LSNU;Abilitations Yuck-E-Balls, Assorted Colors, Set of 6;$31.99;Abilitations
B005P9LYGK;Rhode Island Novelty Glitter Sticky Hands, 12-Pack;$3.76;Rhode Island Novelty
B005QDTG1A;American Educational Astrolabe Kit;$12.20;American Educational Products
B005QDTDZO;American Educational 30 Piece Advanced Fossil Collection;$50.61;American Educational Products
B005QDU5ME;American Educational Economy Stream Table Kit (Set of 4);$227.32;American Educational Products
B005QDTYXA;American Educational U Shaped Dissectible Electromagnet;$23.22;American Educational Products
B005QDUW9K;American Educational Electrostatic Kit;$25.00;American Educational Products
B005QDX8X2;American Educational 3556 Electrolysis Kit;$18.20;American Educational Products
B005QDWU18;American Educational 7-G26 6-Piece Nickel Cork Borer Set;$17.87;American Educational Products
B005RD71QQ;Poppin Peepers Frog;$9.40;Warm Fuzzy Toys
B005RD7PJO;Abilitations Rainbow FidgetBall;$8.98;Abilitations
B005UG0AW2;Forum Novelties Glitter Tiara (Bride to Be);$6.44;Forum Novelties
B005V0J53M;Tiviakov: Scandinavian with 3...Qd6;$29.99;ChessBase
B0060KFKO0;NCAA Game On Hoop Set by Rawlings;$35.48;Rawlings
B0061XHAV2;Center Enterprise CE6764 READY2LEARN Giant Weather Stamps (Pack of 6);$10.29;Center Enterprise
B0062S0NZQ;Rare Mint 1oz Troy Ounce Nickel Bullion Bar 999 Pure Fine;$18.98;REEDERSONG
B0062TKMJ2;Sportime 29 1/4 in Mondo Baseball Bat;$14.09;Sportime
B0062TLKW0;Plantoys Adorable My First Dollhouse;$136.23;PlanToys
B0062TKEYU;Marvel Education Sand Castle Mold Set - 204652;$9.99;Marvel
B0062TLROQ;Sportime Indestructible Bean Bag Frogs, Set of 6;$23.24;Sportime
B0062TM88U;Trend Enterprises Sparkle Stickers School Fun Themed Jumbo Pack - 1 1/4 in - Pack of 648;$8.28;Trend Enterprises
B0062TM538;Trend Enterprises Math Operations Flash Cards Pack - Set of 4;$31.99;Trend Enterprises
B0062TMSOO;Crayola Original Broad Line Markers, Assorted Bright and Bold Colors, Set of 10;$4.15;Crayola
B0062TOYJ6;Sportime Poly-PG Rubber Playground GradeBall Set - 4 inch - Set of 6 - Multiple Colors;$21.74;Sportime
B006420LO8;Tumbled Asteroid Magnet Stones-One Pound;$16.99;earth exploration
B00657N6EO;American Educational 7-1822 Voltaic Cell with 2 Electrodes;$13.97;American Educational Products
B00657NYP0;American Educational Mineral Test Kit with Minerals;$12.50;American Educational Products
B00657QW36;American Educational 9 Piece Scale of Hardness Collection without Diamond;$16.00;American Educational Products
B00657Q50Q;American Educational 10 Piece Glass Prepared Microscope Slide Animal Set;$11.99;American Educational Products
B00657SSEM;American Educational Polystyrene 40 Cell Storage Box with Tray for Rock and Mineral Specimens;$20.66;American Educational Products
B00657QXDU;American Educational 7-795 Gyroscope, 5.5cm Diameter;$8.00;American Educational Products
B00657V3NU;American Educational Hardness Collection with Test Kit;$20.20;American Educational Products
B00657WI16;American Educational 15 Piece Sedimentary Rock Collection;$23.50;American Educational Products
B00657WF00;American Educational Introductory Rock Collection;$19.89;American Educational Products
B006582TM8;American Educational 7-509 Plastic Economy Wimshurst Machine;$72.30;American Educational Products
B006582OWS;American Educational Borosilicate Glass Laboratory Glassware Kit (36 Pieces);$70.96;American Educational Products
B006583AQW;American Educational 3070-6 Screen Sieves Set (6 Piece Set);$97.77;American Educational Products
B00658B1YU;American Educational 7-511 Van de Graaff Generator;$167.73;American Educational Products
B006CV5IPI;Fun Express Pass The Ugly Sweater Card Game;$3.25;Fun Express
B006GC9TKI;Speed Stacks Competitor Sport Stacking Set;$44.99;Speed Stacks
B006GHXOFO;Kong Plush Teddy Bear - Dog Toy - X-Small;$5.30;KONG
B006H9FB0C;Excellerations FUNPOP Fun Pop Linking Beads (Pack of 28);$35.76;Excellerations
B006IBAK5U;Qualatex Hand Held Air Inflator - Double Action Balloon Pump;$8.52;Qualatex
B006LP3JOC;Pro-kit Stencil;$246.99;Ronan Sports
B006STJUBC;Skip Hop Alphabet Zoo Stroller Bar Activity Toy, Multi;$18.11;Skip Hop
B006TTK7VI;ECR4Kids Hardwood School Classroom Building Shape Blocks for Kids (64-Piece Set);$136.85;ECR4Kids
B006UGY5OU;Beistle CN023 Birthday Bash Confetti;$3.49;Beistle
B00705Y0UO;Wild Republic Fawn Plush, Stuffed Animal, Plush Toy, Gifts for Kids, Cuddlekins 12 Inches;$14.99;Wild Republic
B0070Y1Q0C;Lots To Love Babies 14In Caucasian Baby;$20.99;S&S Worldwide
B007101DUI;Amscan 249525 Party Kits Decors Item, Multi Sizes, Red;$7.95;Amscan
B0072AEZ8O;Turnigy 2200mAh 3S 40C Lipo Pack;$27.99;Turnigy
B0074UA1UI;Monopoly Liberty Mountain National Parks Edition;$32.96;Monopoly
B0076FXHLQ;Silver Showboat New Year Kit for 100;$84.99;Party Time Manufacturing
B0076ZX6BC;SUPER FUN BUBBLE WAND ASSORTMENT (1 DOZEN) - BULK by Fun Express;$6.30;Fun Express
B007A308HA;Amscan Valentine Heart Glitter Pink Plastic Sunglasses, 12 Ct. | Party Accessory;$11.87;Amscan
B007AUNCSA;Game Day Football Door Cover 30in. x 5ft. Pkg/3;$14.94;PMU
B007B4SJV0;Racetrack Runner (poly w/double-stick tape) Party Accessory  (1 count) (1/Pkg);$9.99;Beistle
B007BD9E88;Fun Express Mardi Gras Metallic Fringe Table Skirt;$6.99;Fun Express
B007BFS9YG;Learning Advantage Fraction/Decimal Tiles - Set of 51;$10.49;Learning Advantage
B007F0V7IM;Fun Express Shamrock Patterned Tattoos (6 Dozen);$4.98;Fun Express
B007GBQEJC;21-inch Roadside Safety LED Traffic Wand Baton;$9.99;Mobius Rush
B007GP3UZY;Brain Game MiniKit - MK112 by Velleman. Entry skill level soldering project;$19.41;Velleman
B007KEVSYG;GIFTS INFINITY Entertaining Party Drinking Game;$12.95;GIFTS INFINITY
B007L4XYME;Forum Novelties Roaring 20's Gangster Girl Garter and Flask;$5.99;Forum Novelties
B007OLJTHS;Silver Heart Thank You Stickers (1 roll) by Fun Express;$4.50;Fun Express
B007PZZQ6G;Trend Enterprises Scratch n Sniff Stinky Stickers - Set of 480 - Sweet Scents;$10.29;Trend Enterprises
B007REZXSQ;Cradlebaby;$19.95;Cradlebaby
B007RGMY6I;Tara Toys Party Destination 208795 Uno Mini Games;$9.00;Tara Toy Corporation
B007WROR2G;X-Treem Metal Pinball Polish;$20.00;X-TREEM
B00810OJZ8;Printed Zebra Print Table Runner Party Accessory (1 count) (1/Pkg);$6.00;Beistle
B0081IHORA;Carrom 190.40 Wood Ring Set;$39.48;Carrom
B00822CS62;Wellden Product Medical Anatomical Male Pelvic Skeleton, Life Size;$39.00;Wellden
B00846D9RI;1976-S Proof Washington Bicentennial Quarter;$6.92;U.S. Mint
B00854FYCC;Pitsco Ray Catcher Sprint Deluxe Solar Car Kit (Individual Pack);$49.95;Pitsco
B00854G8VS;Pitsco True Scale House Framing Kit;$125.00;Pitsco
B00854GG1K;Pitsco Straw Rockets - Getting Started Package (For 30 Students);$199.00;Pitsco
B0085I86FA;Stirling Engine Vehicle;$145.00;Dstar
B0085YY9I2;Pitsco Straw Rocket Class Pack (For 30 Students);$39.67;Pitsco
B0087D6VNC;Intelex, Warmies Therapy Plush Hooty Owl - Brown;$15.71;Intelex
B0087QKPU4;Assorted Color Plush Hanging Heart Toys;$8.26;U.S. Toy
B00886CH18;Disappearing Paper Magic Trick (Small Pad);$4.30;PAVILIA
B008C4OITU;Delta Education Primary Pan Balance Weight Set, 15 Pieces;$21.49;SI Manufacturing
B008C4ONDG;Delta Education Planting Starter Set;$33.95;Delta Education
B008C4OJS0;Delta Education Electromagnet Set;$11.24;Delta Education
B008FRG1BW;American Educational Glass Right Angle Prism, 50mm Length, 32mm Width (Bundle of 5);$22.12;American Educational Products
B008MB17A6;Cow Magnet;$6.95;Educational Innovations
B008MB1UIK;The Vortx;$26.95;Educational Innovations
B008MR39A6;Legends Of Fate: A Hidden Object, 4 Pack;$3.61;OnHand
B008Z1XE3Q;Ellusionist Bicycle Shadow Masters Playing Cards;$7.99;Ellusionist
B009083LOA;Game Room Guys Bag of 35 White Rubber Pinball Post Caps;$14.99;Game Room Guys
B0090LYSLC;Vortex Bottle Connector - Tornado in a Bottle Colors May Vary;$4.53;Educational Innovations
B0092FZYNW;Baden Color Your Own Soccer Ball, Kids Soccer Ball w/ Colored Markers;$19.99;Baden
B0092W2G1S;Valentines Heart Shaped Red Paper Doilies 10in;$6.40;Amscan
B009437A5W;Forum Mardi Gras Costume Party Accessory;$9.89;Forum Novelties
B0094AZWGE;Mainstreet Classics Broadway 5-in-1 Combo Board Game Set;$52.67;Mainstreet Classics by GLD Products
B0094FJ8HI;Intella 6320G3 350 amp Gray Battery Connector with Set of 1/0 Contact Tips;$16.68;Intella Liftparts Inc.
B0094JFN6Y;Printable Easter Egg Scavenger Hunt Clues Game for Mac [Download];$6.95;Python Printable Games
B0094JEPMC;Nature Scavenger Hunt Printable Pirate Party Game for Mac [Download];$6.95;Python Printable Games
B0094UFLN8;Roylco Straws and Connectors, Pack of 400;$26.93;Roylco
B0096SU1UQ;YOTTOY Madeline Doll Collection;$35.00;YOTTOY
B0097B5TRM;Amscan 1 X Gold Foil Star Hanging Decorations (Each);$4.67;Amscan
B0098MH9UK;CHRISTMAS CANDY CANE RING TOSS GAME - KIDS HOLIDAY GAMES;$12.95;Fun Express
B0098OVN9G;Bicycle Hemp Deck Playing Cards;$6.78;Bicycle
B0099RKCNU;The Puppet Company Traditional Story Sets Nursery Rhymes Book and Finger Puppets Set;$37.87;The Puppet Company
B009AAPSJE;Brybelly 12-Decks of Pinochle Playing Cards, Blue;$16.30;Brybelly
B009AAXMV0;Brybelly Pinochle Playing Cards (Pack of 12), Red/Blue;$16.99;Brybelly
B009APUTS4;Franklin Sports Electronic Basketball Bounce A Bucket Arcade Game;$27.27;Franklin Sports
B009CMQE8O;Super Star Gold Medals (1 dz);$4.99;Fun Express
B009EZQB2I;Estes UP Aerospace SpaceLoft Rocket Bulk Pack (Pack of 12);$59.05;Estes
B009EZPF02;Estes Wizard Rocket Bulk Pack (Pack of 12);$49.00;Estes
B009EZQUGU;Estes Alpha III Rocket (Pack of 2);$29.99;Estes
B009EZOK1M;Estes Flash Rocket Launch Set;$22.39;Estes
B009EZR6SG;Estes Viking Rocket (Pack of 3);$26.98;Estes
B009EZR0GO;Estes Baby Bertha Rocket (Pack of 2);$26.99;Estes
B009EZRIZ2;Estes Electron Beam Launch Controller (Pack of 2);$29.99;Estes
B009EZPS5O;Estes Generic E2X Rocket Bulk Pack (Pack of 12);$82.88;Estes
B009EZP8KE;Estes Alpha III Rocket Bulk Pack (Pack of 12);$88.59;Estes
B009EZPKVQ;Estes Alpha Rocket Bulk Pack (Pack of 12);$78.00;Estes
B009GIGCFO;AMSCAN INC. Pink Hairspray;$2.29;Amscan
B009H6JYXM;Rosetta Stone Vietnamese Level 1 for Mac [Download];$179.00;Rosetta Stone
B009H6OMWU;Rosetta Stone Turkish Level 1 [Download];$179.00;Rosetta Stone
B009IW4XLI;NSG Unisex Boxing Set, Black/Red;$29.95;NSG
B009JSM5FW;Slackers Zipline 70' Hawk Series with Seat;$134.99;Slackers
B009K7F8BU;2001 Mint Set;$9.87;US Mint
B009KU344A;Toysmith Ink-a-Do Tattoo Pens;$7.18;Toysmith
B009NFE51I;Lot of 10 Franklin Half Dollar 90% Silver Circulated Coins Mixed Dates;$92.00;US Mint
B009P8ARHY;Magic Sand (Blue);$14.99;Educational Innovations
B009P8BF5W;Fascinating Oscillating Reaction Kit;$19.45;Educational Innovations
B009P8CMEA;Super Twine Kite String Class Set (Pkg. of 12 rolls);$23.29;Educational Innovations
B009PACU4A;Dozen Assorted Size Stainless Steel Mood Rings;$10.50;DelightBox
B009R6J8RY;Wiz Dice Random Polyhedral Dice in Multiple Colors (100 + Pack) Bundle with Wiz Dice Pouch;$19.99;Wiz Dice
B00A0P3426;FirstBIKE Track Kids Balance Bike;$11.99;FirstBIKE
B00A7VOJFO;Bicycle Premium Poker Size Standard Index Playing Cards;$5.99;Bicycle
B00A9GF05K;FL!PPER Flipper Standard Replacement ABS Blades;$9.99;FL!PPER
B00AEODHCK;Learning Advantage The Original Fraction Dominoes Game Fraction Learning Game;$12.10;Learning Advantage
B00AFT5XRG;Handmade Wooden Playing Cards Storage Box For 2 Decks;$9.00;ShalinIndia
B00AFWENQA;LER7501 - CUISENAIRE RODS INTRO SET 74PK WOOD;$16.09;Learning Resources
B00AILC162;GoFloats Inflatable Palm Island Drink Holder (3 Pack), Float your drinks in style;$8.37;GoFloats
B00AJR8D76;Slackers Night Riderz LED Flying Saucer Seat, Multi;$3.56;Slackers
B00AMJ5OUA;EISCO Super Ultimate Wave Form Helix with Wooden Stand, 20cm Closed Height;$37.59;EISCO
B00AQLATTU;Happy Tooth Necklaces - 144 per Pack;$22.98;SmileMakers
B00ARBZJCQ;Trademark Poker GLDCARD 24K Gold Playing Cards;$8.53;Trademark Poker
B00ASSEZ46;LookOurWay Air Dancers Inflatable Tube Man;$11.46;LookOurWay
B00AU7FX5U;Ultra Pro 25count 2-Piece Plastic Box 2-pack;$2.99;Ultra Pro
B00AW0CW7W;Beistle CN020 Congrats and Caps Confetti, 0.5 ounces, Black/Gold;$4.10;Beistle
B00AYPD4U4;Artisan Playing Cards (Black);$9.99;theory11
B00AZ3A8JA;EISCO Acrylic Buret with PTFE Stopcock, 50mL Capacity, 0.1mL Graduation;$17.88;EISCO
B00B1Z4U2C;American Educational Products Plastic Bowling Set;$32.58;American Educational Products
B00B1Z4UK4;American Educational Products Cubes with Actions Numbers Fitness Dice, Set of 2;$17.38;American Educational Products
B00B3VF320;Rocket Film Canisters;$8.30;Educational Innovations
B00B3WCW4G;Rattlebacks - 5 Pack;$8.99;Educational Innovations
B00B4NK8FO;Bicycle 1026098  Large Print Playing Cards (assorted);$7.95;Bicycle
B00B5DBENI;1994 Fleer Marvel Universe Series 5 Complete Hologram Chase 4 Card Set;$43.99;Fleer
B00B5UDTBQ;Brybelly 100 Dice, 16mm;$12.99;Brybelly
B00B76P34E;NEULOG USB Module;$46.19;NEULOG
B00BAD2F0O;Design Your Own White Face Masks Pack of 12;$7.80;Fun Express
B00BBCZ59M;Great Britain (UK) George V One Penny Bronze Coin Dated 1917.;$5.00;Unknown
B00BCXU5K4;Little Tikes Play Like A Pro Basketball Set;$89.00;Little Tikes
B00BDFA3QM;Learning Resources New Sprouts Classroom Play Food Set, 100 Pieces;$106.59;Learning Resources
B00BHOZ5FS;Hobbymaster Impresse Leather Coin Album;$29.99;Hobbymaster
B00BJEJWPU;FLAGHOUSE Exercise Ball Pump;$9.99;FlagHouse
B00BJESABM;TenPoint Crossbows String Noise Dampening System (SDS) (HCA-149);$58.39;Tenpoint
B00BKARS54;Royal Playing Cards 100% All Plastic Card, 1 Set Double-Deck Brand (2 Decks) with Case;$8.97;Royal
B00BMTFI8M;Congress Butterfly Playing Cards;$14.99;Congress
B00BMTLMOQ;Congress Seashell Playing Cards;$14.99;Congress
B00BMTU40O;Congress Sunflower Playing Cards;$14.99;Congress
B00BPDFF3I;WOW World of Watersports, 13-2010, Pool Float, Built in Pillow, Side Chambers;$12.64;WOW Sports
B00BPIETKS;Velleman MK194 Digitally Controlled Fm Radio;$39.50;Velleman
B00BR24U60;Qualatex 260Q Carnival Latex Assortment Professional Pack Pack Of 250;$19.69;Qualatex
B00BRXUZGS;Walter Products B10401-3 Human Brain Model, Life Size, 3 Parts, 6 x 5 x 7.5 Inches;$39.00;Walter Products
B00BSV5SAM;Bicycle Nautic White Playing Cards;$6.57;Bicycle
B00BTNU9R6;Davy Crockett or Daniel Boon Style CoonSkin Hat Cap with Real Tail Size Large to X Large;$11.99;Insider Bat
B00BTW3K8C;Qualatex Microfoil Big Red Kissy Lips Balloon, 30-Inches (1-Unit);$6.32;Qualatex
B00BTYOKHK;Trademark Burning 7's Slot Machine Bank with Spinning Reels;$17.19;Trademark Global
B00BUV7QGE;Innovating Science Nylon 6-10 Rope Trick Kit;$31.22;Innovating Science
B00BUV7WHM;Innovating Science 'Traffic Light' Chemistry Demo Kit - Oscillating Reactions;$29.99;Innovating Science
B00BWF30S6;Intex Inflatable 20-Inch Lively Ocean Friends Print Kids Tube Swim Ring (6 Pack);$12.15;Intex
B00C0X828C;Wiz Dice 100+ Pack of Random D20 Polyhedral Dice in Multiple Colors;$29.99;Wiz Dice
B00C2VOHWC;Magician Magic Party Tattoos - 72 pcs;$4.99;Party Supplies
B00C4YR4X6;45 Piece Tree Rings Set for Kids Science Observation and Sorting and Counting;$19.99;Constructive Playthings
B00C4Z5PIQ;Razor Gogo Pogo Stick;$2.87;Razor
B00C6M7HLK;Forum Novelties Women's Playful Animals Giraffe Costume Accessory Set;$6.70;Forum Novelties
B00C6M7UIU;Forum Novelties Women's Playful Animals Giraffe Costume Accessory Set;$7.87;Forum Novelties
B00C7ZKMKY;The Official 2014 Red Book - Guide to U.S. Coin Values - Large Print Edition;$29.95;Whitman
B00C9G4V3K;EISCO Steel Goggle Sanitizer Cabinet, 120 VAC, For 35 Pairs;$369.93;EISCO
B00CC3LSPE;KIDS Childrens Nerd Retro Oversize Black Frame Clear Lens Eye Glasses (Age 3-10);$7.99;moda
B00CEEDOHG;Philippines 1964 - 25 Centavos Copper-zinc-nickel Coin;$5.95;Philippines
B00CEQLJ8U;Water Sports Water Balloon Refill Kit 500-Pack;$6.99;Water Sports
B00CIOHG6C;Carrom Stick Hockey Players Solid Color Set;$28.99;Carrom
B00CIOHENW;Carrom Stick Hockey Players Numbered Set;$39.99;Carrom
B00CJ7GXG2;Franklin Sports Dual Hoops Rebound Pro Arcade Basketball;$86.94;Franklin Sports
B00CJJ9NLC;Balloon Fisher King 400 Multi-Clip Pro Pack;$13.33;Balloon Fisher King
B00CKJAL2G;Play Visions Nose Aerobics Game | Group Entertainment and Sport for Your Face and Body;$9.75;Play Visions
B00COFW3D6;Glide Bikes Kid's Go Glider Balance Bike;$8.62;Glide Bikes
B00CQ2268O;US Games Standard Hoops, 36-Inch (Pack of 12);$38.45;US Games
B00CQASSBK;Bumpy Chewnoodle - Blue;$10.99;Chewnoodle
B00CSGYLQI;Disney Frozen Castle Playset;$189.99;Mattel
B00CY3TUZW;Scorpion Coin Holder;$10.59;Scorpion
B00D8STBHY;Hasbro Connect 4 Game;$6.50;Hasbro
B00DBBMTAY;Las Vegas Poker Playing Cards with Dice and Tin;$7.95;Spinettis
B00DBYM6A4;Drueke Deluxe Walnut 2-Track Cribbage Board;$20.47;Drueke
B00DCBLXIC;Copernicus Children Preschool Classroom Magnetic Dry Erase Board Tabletop Easel;$86.35;Copernicus Educational Products
B00DD6I2GM;Fun Express Dolphin Party Dangling Swirls Party Decorations and Ceiling Decorations - 12 Pieces;$6.08;Fun Express
B00DF1372Y;Trademark Global Electronic Handheld 5 in 1 Poker Game;$10.48;Trademark Global
B00DGEQW04;Juggling Rings - Set of 3 Juggling Rings;$12.49;Trademark Innovations
B00DHP5VJ0;Intex Sit 'N Float Inflatable Colorful Floating Loungers, 8 Pack (Colors Vary);$49.99;Intex
B00DK9WEDY;Purple Heart Challenge Coin-Eagle Crest 2263;$12.75;Eagle Crest
B00DNCLCB8;100 Bingo Cards in Mixed Colors by Royal Bingo Supplies;$12.99;Royal Bingo Supplies
B00DOFSTGU;Aurora Giddy Up Stick Horse;$24.13;Aurora
B00DOFT0VI;Aurora Giddy Up Stick Horse;$24.13;Aurora
B00DOFT3OW;Aurora Giddy Up Stick Horse;$25.98;Aurora
B00DVME2T4;Accoutrements Finger Monsters (Set Of 8 In Each Order) by Accoutrements;$7.68;Accoutrements
B00E3YECD0;Very First Magnet Kit;$22.49;Dowling Magnets
B00E9E1C3W;Ultra Pro Card Supplies YuGiOh Sized Deck Protector Sleeves Red 60 Count x3;$9.46;Ultra Pro
B00E9E1AVG;Ultra Pro Card Supplies YuGiOh Sized Deck Protector Sleeves Light Blue 60 Count x3;$9.80;Ultra Pro
B00EA1QZ22;Bicycle Escape Map Poker Size Standard Index Playing Cards;$8.10;Bicycle
B00EEWF9YW;Vocaloid3 Hatsune Miku V3;$197.67;Crypton Future Media
B00EFQJX7Q;12pc Disney Sofia the First Goodie Bags Party Favor Bags Gift Bags;$11.97;Sofia
B00EIJP5F4;Da Vinci 2-Decks Poker Size Ritz 100% Plastic Playing Cards Set in Plastic Case;$7.99;Da Vinci
B00EJ4WCFE;12PC SPIDERMAN GOODIE BAGS PARTY FAVOR BAGS GIFT BAGS;$12.88;Disney
B00EMJJL5K;Carrom 042.51 Nok Hockey Equipment Set;$8.10;Carrom
B00EMJ1OAU;12pc Disney Sofia the First Goodie Bags Party Favor Bags Gift Bags;$11.97;Sofia
B00EOJSXBG;Brybelly 12 Decks (6 Red/6 Blue) Wide-Size, Jumbo Index Plastic Coated Playing Cards;$14.99;Brybelly
B00ESHKKCY;Copernicus Glowing Putty Gels and Slime Kit, For Ages 10 and Up;$18.00;Copernicus
B00ESHK1J6;Copernicus Edible Chemistry Kit, For Ages 8 and Up;$23.40;Copernicus
B00EVJU4AW;World Footbag Dirtbag Hacky Sack Footbag;$8.00;World Footbag
B00EVJU48Y;World Footbag Dirtbag Stellar Staller Hacky Sack Footbag;$8.00;World Footbag
B00EVJU2UO;World Footbag Stally Hacky Sack Footbag;$5.00;World Footbag
B00EVJU1NM;World Footbag SandMaster Hacky Sack Footbag;$8.00;World Footbag
B00F14O9DO;Sport Bead Assortment;$10.61;S&S Worldwide
B00F25ZERW;Advanced Molecular Model Set for General and Organic Chemistry;$21.99;Mega Molecules, LLC
B00F585QL0;Victory Tailgate NCAA Regulation Cornhole Game Bag Set (8 Bags Included, All Weather-Filled);$49.98;Victory Tailgate
B00F58UOHQ;Owl Pellets (Set of 5 with Bone Chart);$13.95;MHB
B00F5GD3D0;NFL New England Patriots Face Tattoos, 8-Piece Set;$9.36;Rico Industries
B00F5PSGWY;Constructive Playthings SNG-24 Cp Toys Kid-Sized Wooden Shopping Cart - For Pretend Play;$38.75;Constructive Playthings
B00FA8XIS8;Amscan Frozen Supershape Balloon;$6.07;Amscan
B00FCASL3Q;Wilson NFL Junior Touchdown Football;$12.99;Wilson
B00FGELLYY;Scott Resources 6 Piece Economy Sedimentary Rock Collection Bag;$10.38;Scott Resources
B00FGELOS2;Scott Resources 6 Piece Economy Igneous Rock Collection Bag;$6.29;Scott Resources
B00FUHGMRI;Strider - Heavy Duty Wheel Set, Alloy Wheels and Pneumatic Tires;$6.84;Strider
B00FW0X4EC;Yvolution Y Velo Junior | No-Pedal Balance Bike for Kids (Blue);$5.60;Yvolution
B00FW0ZCOC;Mylec Goalie Set, Blue/White/Black, 21-Inch;$74.00;Mylec
B00G1IMOEA;LEGO Mindstorms EV3 Rechargeable DC Battery;$99.95;LEGO
B00G1L0278;LEGO Mindstorms EV3 Intelligent Brick;$188.00;LEGO
B00G1O5ZJ0;LEGO Technic Gears Assortment Pack;$23.99;LEGO
B00G3BXQ9W;Pudgy Pedro's Jumbo Sun Glasses Party Supplies, Choose Your Favorite Color;$6.99;Pudgy Pedro's
B00G4T7LC6;E-TING 5 Set Doll Clothes Outfit 5 Tops 5 Trousers Pants for Girl Doll Picture Style Gift;$7.99;E-TING
B00GA91VK8;MasterPieces NFL Stadium Panoramic Jigsaw Puzzle, 1000-Piece;$17.42;MasterPieces
B00GDOBC72;Ready2Learn Heavy Duty Rubber/Plastic Paint and Clay Explorer Rollers, 5 x 1-1/2 Inch;$15.84;Ready2Learn
B00GGCBD4I;Happy Hen Treats Ceramic Nest Eggs;$6.80;Happy Hen Treats
B00GJ0XHHS;Fun Express Plastic Dinosaur Mugs (1 Dozen);$13.87;Fun Express
B00GJZ55YG;Sprogs Set of 4 Felt Storyboards w/Storage Bag, Construction, Fire, Police, School, SPG-ENA1020-SO;$31.36;Sprogs
B00GSH2ARU;Trading Card 9 Pocket Protector Sheets X 50 Plastic Pages Holds 450 Cards - 3 Ring Binder;$9.99;Black Duck Brand
B00GY6HO2G;Fluorescent Magic Sand (Green);$11.99;Educational Innovations
B00GYB7N2M;Roylco Educational Light Cube Accessory Kit;$34.23;Roylco
B00GYXEG02;Bicycle Brosmind Playing Cards;$6.35;Bicycle
B00H4FQ6QG;Silly String Brand - 3oz cans - Wholesale - Bulk - Case (24);$62.85;Silly String
B00H5HC9G4;BCW 400-Count Storage Box for Trading Cards | 200 lb. Test Strength;$11.95;BCW
B00HEYGRWU;Calico Critters Hazelnut Chipmunk Twins;$7.00;Calico Critters
B00HEYGRB6;Calico Critters Hazelnut Chipmunk Family;$15.89;Calico Critters
B00HM1HDXW;Pin the Tail on the Horse Game Set by Fun Express;$4.99;Fun Express
B00HOI5KSS;Ultra Pro Clear Deck Protectors Sleeves Standard MTG Colors;$32.99;Ultra Pro
B00HS5BYVO;ProSource Puzzle Solid Foam Play Mat for Kids - 36 or 16 tiles with edges;$29.99;ProSource
B00HSC6WXW;Amscan St. Patrick's Day Green Sequin Day Hat | Party Accessory;$12.66;Amscan
B00HT93W3W;600 Ultra Pro Blue PRO-MATTE Deck Protectors Sleeves Standard MTG Colors;$31.99;Ultra Pro
B00HV8P1IU;Pure Fun Rocker Kids Seesaw;$62.74;Pure Fun
B00HZB8DHO;KA9914-BRK Playing Cards;$8.27;Ka-Bar
B00I0D27PK;Educational Insights Diggity Dogs Game;$13.35;Educational Insights
B00IA7ORCC;Award Decals Number Stickers for Helmets (Football, Baseball, Softball, Hockey, Lacrosse, Etc.);$19.00;Award Decals
B00ICRG7BE;HOLLYWOOD BEST GIRLFRIEND TROPHY;$11.95;HOLLYWOOD BEST GIRLFRIEND TROPHY
B00IFWO7VI;Avant-Garde Black Frosted Glass Chess Set with Mirror Board;$36.99;Avant Garde
B00IKP0XRW;CradleBaby Rubber Lacrosse Ball for Training Indoor, Outdoor, Shooting, Catching;$19.95;CradleBaby
B00IL7IGFU;Green Toys Stove Top;$12.88;Green Toys
B00IMQEUD2;1935 -D Lincoln Wheat Cent Penny - F/VF Condition;$8.95;Penny
B00IOXJHAY;9 Deck Revolving Rotating Canasta Playing Card Tray;$17.82;Vegas Gaming Supplies
B00ITVAPO8;1943 -D Lincoln Wheat Cent Penny - F/VF Condition;$5.45;Penny
B00IVX7N6M;Weifang New Sky Kites Giant Delta Ring iKite Delta Shape Premium Large Kite with Line and Handle;$27.00;Weifang New Sky Kites
B00IXZFWQQ;ECR4Kids SoftZone Little Me Play Climb and Slide, Primary (2-Piece);$126.99;ECR4Kids
B00IZXBZBW;Strider - 12 Classic Balance Bike, Ages 18 Months to 3 Years;$6.24;Strider
B00J0DV4RQ;BCW PRO9T-100 (25) Trading Card 3-Ring Binder Pages - Holds 9 Cards, Clear;$6.84;BCW
B00J4RRZQC;Wild Republic Gorilla Plush, Stuffed Animal, Plush Toy, Gifts for Kids, Cuddlekins 12 Inches;$16.10;Wild Republic
B00J8FJQNA;Nasco WA14533 Human Body Fat Replica, 1 lb.;$23.88;Nasco
B00J8FJXM4;Nasco WA04313 Human Body Fat Replica, 5 lb.;$84.25;Nasco
B00J97O4Y8;West Paw Design Big Sky Teddy Toy for Dogs;$16.95;West Paw
B00JEJHJHK;Eisco Labs Junior Science Magnet Kit;$19.72;EISCO
B00JEVRXMY;Primary Concepts, Magnetic Alphabet Tiles Learning Kit;$18.93;Primary Concepts,
B00JF8Q8R2;Roylco Super Snowflake Stencils (12 Per Pack);$8.15;Roylco
B00JHC186M;(Pack of 2) Baby Shower Bingo Game, 48 Total Cards;$9.98;Darice
B00JKIEQPS;School Smart Assorted Plastic Coins, Set of 460;$16.75;School Smart
B00JN9HRBO;Qualatex Ellie The Elephant Microfoil Balloon, 39-Inch (1-Unit);$5.97;Qualatex
B00JU3UNW8;Bicycle Celtic Myth Playing Cards Symmetrical;$9.95;5Star-TD
B00JWSMO5A;Ultra Pro Pro-Matte Sleeves - Light Blue, Small - for Yu-Gi-Oh, Cardfight/CFVG (60 Deck Protectors);$6.95;Ultra Pro
B00K1LGNWW;Intex Sit 'N Float Inflatable Colorful Floating Loungers, 4 Pack (Colors Vary);$34.99;Intex
B00K2S4I9O;Prism Kite Tube Tail;$33.23;Prism Kite Technology
B00K63TICW;Disney Frozen Birthday Balloon Bouquet;$9.39;Anagram
B00K6Z1DDC;Marvel Spider-Man Temporary Tattoos - 75 Tattoos;$5.25;Marvel
B00KBNV14U;Nasco Fort Atkinson ABS Plastic MyPlate Plate;$13.20;Nasco
B00KEQUEU6;Black Ice Spray Barber Pencil (Black);$4.96;Black Ice
B00KO5BEHY;Golden Goal Target;$19.99;Jeff Cunningham Soccer
B00KQ6BTQM;Learning Advantage 7751 Connecting GeoStix Geometry Card (Pack of 80);$19.80;Learning Advantage
B00KRH6CZ8;Monster Protector MB-9P-HBK 9-Pocket - Holofoil Black;$14.95;Monster Protector
B00KXA0HNC;The Puppet Company - Knitted Puppet - Rupert;$23.53;The Puppet Company
B00KXV93H2;Fat Brain Toys Peek-A-Doodle Doo!;$19.87;Fat Brain Toys
B00KZ0RAAS;Bicycle 2 Pack Kids Card Games Go Fish and Old Maid Children Oversize Decks;$6.99;US Playing Card Co
B00L53GVKY;Fat Brain Toys Teeter Popper - Green;$36.95;Fat Brain Toys
B00LBJMG1U;Primary Concepts, PC-7400 Letter Tile Organizer;$15.92;Primary Concepts,
B00LI4AA8O;Fairly Odd Novelties FON-10043 Who Needs a Ship? Take Your Shots Into Battle Shipwreck Drinking Game;$14.99;Fairly Odd Novelties
B00LI8GRZ0;Kimberly Clark Healthcare 32856 Face Mask With Earloop Child Disney 75/Bx;$19.50;Kimberly-Clark
B00LK1YMD4;WUBBLE Bubble Ball with Pump;$49.99;Wubble
B00LNHJKE6;Chinese Checkers;$28.36;S&S Worldwide
B00LNI4S38;Color Me DIE TD5071 PK/36 Blank Shields (Pack of 36);$21.52;Color Me
B00LNI77Y0;Soccer Beads;$10.61;S&S Worldwide
B00LNIO1GM;10-Sided Fitness Dice (pair);$29.11;S&S Worldwide
B00LNJJTRW;Disney Frozen Stampers Party Favors (10 Stampers);$5.17;Unknown
B00LO998IQ;W.C Redmon Fun and Fitness Exercise Equipments for Kids;$24.19;Redmon For Kids
B00LQHIMZG;WHITE LIONS SERIES B (RED);$36.95;David Blaine
B00LSNDQ6I;YoYoFactory Velocity YO YO;$14.99;YoYoFactory
B00LTZRSHS;Metallic Powder .17 oz with Mixing Liquid 1fl oz - Gold by Mehron;$12.88;Mehron
B00LV772QG;KaZAM v2s No Pedal Balance Bike;$4.16;KaZAM
B00LV7NQRA;KaZAM v2e No Pedal Balance Bike;$4.16;KaZAM
B00M3L4D8E;Fundamental Rockhound products: 2 oz Tin Oxide polishing powder for stones, tiles, granite, marble;$15.95;The Fundamental Rockhound
B00M3LVQAC;Forum Novelties Nude Female Playing Cards;$9.99;Forum Novelties
B00M3R8QYU;Fundamental Rockhound products: 2 oz Super Cerium Oxide - Lapidary Rock Polish - White;$19.95;The Fundamental Rockhound
B00M3RLTIA;Fundamental Rockhound products: 1 oz .3 Micron Aluminum Oxide Linde A - Lapidary Rock Polish;$22.95;The Fundamental Rockhound
B00M4F62QA;Fundamental Rockhound products: 2 oz Red Cerium Oxide - Lapidary Rock Glass Polish;$8.95;The Fundamental Rockhound
B00M7PZC4U;USMC Professional Quality Marine Corps Playing Cards;$17.87;The Marine Corps Gift Shop
B00M90SP60;kinzd Kids Mouse Dalmatian Antlers Wolf Tiger Party Halloween Christmas Costume;$6.99;kinzd
B00MAPOHYI;Monarch Playing Cards by theory11;$9.94;theory11
B00MDUT0E2;Slick Shinny Indoor Mini Floor Knee Carpet Shinny Hockey Puck Safe Soft Goalie Train Kids Toy;$14.99;Slick Shinny Puck
B00MEOBTPU;Bicycle American Themed Poker Size Standard Index Playing Cards;$7.31;Bicycle
B00MRA038U;SMITCO Toddler Jewelry - Elastic Butterfly Necklace Ring and Bracelet for Ages 2-8;$8.99;SMITCO
B00MV103OY;Geotechnical Gauge Geotechnical Gauge;$22.95;W.F. McCollough
B00MWJ83UQ;Coast Athletic Commercial Grade Heavy Duty Swing Seat | Heavy Duty Playground Swing Seats (Black);$39.00;Coast Athletic
B00MWJQ7X6;BCW 800-Count Storage Box for Standard 20pt Trading Cards | 200 lb. Test Strength | (3-Count);$14.73;BCW
B00MY9BL30;Mizuno GPP1100Y1 Youth Prospect Ball Glove;$39.71;Mizuno
B00N20OF4C;Sheep/Lamb Large Single Color Creative Cut-Outs;$8.29;Creative Shapes Etc.
B00N2SZLME;Disney Baymax Plush - Big Hero 6 - Medium - 15'';$21.70;Disney
B00N5XMETO;Original SAND by Brookstone;$14.99;Brookstone
B00NBHXW9U;WeDo Construction Set;$257.99;LEGO
B00NCL1ITQ;40 Inch Gold Digital Helium Foil Birthday Party Balloons Number 0;$6.99;Changzhong
B00NCL2H4G;40 Inch Gold Digital Helium Foil Birthday Party Balloons Number 0;$6.99;Changzhong
B00NCL2U3Y;40 Inch Gold Digital Helium Foil Birthday Party Balloons Number 0;$6.99;Changzhong
B00NIG0922;LED Light up Gloves Finger Light Gloves for Kids Adults Glow Rave EDM Gloves Funny Novelty Gifts;$8.99;DX DA XIN
B00NLHUOQ4;Art In History EDU005 Hands-On History Greek Drinking Vessel;$14.60;Art In History
B00NP7JNOY;4D Master 26087 4D Anatomy Didactic Exploded Skull Model;$24.95;4D Master
B00NQWTQTA;iPong Mini Table Tennis Trainer Robot;$39.08;iPong
B00NU9VMAK;Swurfer The Original Tree Swing with Skateboard Seat Design and Adjustable Handles;$6.36;Swurfer
B00NV66WMU;Learning Advantage 7334 20-Sided Polyhedra Dice (Pack of 24);$16.17;Learning Advantage
B00NV66X5G;Learning Advantage 7429 Place Value Dice (Pack of 12);$24.99;Learning Advantage
B00O1H68EU;Dolphin Temporary Tattoos (6 dozen per unit);$4.99;Fun Express
B00O4DDLVE;Bicycle Six Handed 500 Card Deck;$9.49;US Playing Card
B00O5OJRNI;Costume Sunglasses Captain Sun-Staches Party Favors UV400;$9.50;Sun-Staches
B00OCAH49O;Marine Corps Playing Cards with Marine Corps Dice Gift Set;$39.86;The Marine Corps Gift Shop
B00OPEPPHU;Baby Tree Blocks;$24.99;Constructive Playthings
B00OQKHAGW;The Puppet Company - Knitted Puppet- Dylan;$22.99;The Puppet Company
B00OZTHPJQ;Learning Resources New Sprouts Stir Fry Set;$17.10;Learning Resources
B00P1RFKVQ;Bicycle Double Black Playing Cards Deck By Gamblers Warehouse;$17.50;USPCC
B00P273ISM;Pudgy Pedro's Plastic Vuvuzela Stadium Horns (4-Pack), 26-Inch;$14.99;Pudgy Pedro's
B00P95QOXI;Avengers Marvel Gamma Grip Hulk Fists;$26.94;Marvel
B00PIB3FG2;storeindya Handmade Wooden Decorative Playing Card Box Organizer with 2 Decks of Card Free;$10.39;storeindya
B00PMDWMAQ;Run Playing Cards - Heat Edition;$14.94;Collectable Playing Cards
B00PME302O;Run Playing Cards;$13.95;Jason Brumbalow
B00PNJL2OQ;POCO DIVO Kids Play Mat Multi-Color Puzzle Excise Mat EVA Foam Floor Safe Playmat;$28.88;POCO DIVO
B00PR75N2Q;British Pier 275 Piece Jigsaw Puzzle;$18.96;Cobble Hill
B00PRSCSYQ;POCO DIVO Kids Play Mat Multi-Color Puzzle Excise Mat EVA Foam Floor Safe Playmat;$12.98;POCO DIVO
B00PRWZP8I;POCO DIVO Kids Play Mat Multi-Color Puzzle Excise Mat EVA Foam Floor Safe Playmat;$12.98;POCO DIVO
B00PSNP49G;Amscan 110182 Candy Hearts Balloons, One Size, Multicolor;$5.19;Amscan
B00PZZFABE;POCO DIVO Kids Play Mat Multi-Color Puzzle Excise Mat EVA Foam Floor Safe Playmat;$11.98;POCO DIVO
B00Q3NOEPK;Subtle Butt: Reusable Gas Neutralizers (5 Activated Carbon Fart Pads) - Great Gag Gift, April Fool's;$19.95;Fashion First Aid
B00QFFIYAW;Firefly Kids Toothbrush, Soft - Darth Vader Lightsaber;$6.24;Firefly
B00QIU5HTA;Soft Plastic Bloody Brain Haunted House Horror Halloween Prop;$8.76;Loftus International
B00QJ48P6W;Liberty Imports Stylish Girls Pink Beauty Fashion Hair Salon Pretend Play Toy Set (18 Pieces);$14.95;Liberty Imports
B00QVV4F5I;Flow-wand Fundamentals Bundle: Instructional DVD + Flow-wand Levitation Stick;$37.95;Flowtoys
B00R11EPAC;Pokemon Alpha Sapphire 3ds;$48.97;Nintendo
B00R4340AM;EOM Colourful 12 Pack of Paisley Patterned Bandanas Neck Scarfs, Head Scarfs;$9.88;Kurtzy
B00R75TG2Y;LLF 24K Gold Foil 100 USD Pattern Poker Playing Cards Games Pokers;$6.95;LLF
B00RLY0WTW;Lifetime Geometric Dome Climber Jungle Gym;$172.60;Lifetime
B00RY3XL7K;Amscan Valentine's Day Foam Craft Hearts, 285 Ct. | Party Accessory;$7.78;Amscan
B00RZWZRJK;Racetrack Runner (poly w/double-stick tape) (pack of 6);$44.84;Beistle
B00RZWZV4Q;Racetrack Runner (poly w/double-stick tape) (pack of 3);$25.58;Beistle
B00S0JE4UK;Beistle Star Beverage Napkins, Multicolor;$5.95;Beistle
B00S0WZB04;GUND Fun My First Stuffed Baby Playset - Sensory Discovery;$18.95;GUND
B00S9CUNYE;Viva Media 700,000 Games Version 2.0;$10.53;Viva Media
B00SA5PHSC;Amscan 670405 Spring Butterfly Party Hanging Swirl Decorations 30pkg (Pack of 30);$14.99;Amscan
B00SIGJEEQ;Penguin Birthday Party Cupcake Rings (24-Pack);$7.92;A1 Bakery Supplies
B00SKZW3QG;CLOURF 100/200 Pcs 7.2cm Foam Darts Nerf N-Strike Elite Series;$12.99;CLOURF
B00SLRAQ94;Micro Gearmotor Enclosure;$0.99;ServoCity
B00SSRJ63Y;Kangaroo Flashing LED Light Up Toys, Bumpy Rings, 18 Pack;$9.88;Kangaroo
B00T7RKE62;Monster Protector MB-4P-MGN 4-Pocket - Matte Emerald Grn;$11.89;Monster Protector
B00T89AWHA;Mini Foam Basketball Stress Balls (24 Pack);$19.99;Windy City Novelties
B00TERLFZY;Poker Weight Set of 6 Solid Zinc Alloy Metal Dice (16mm) D6;$18.88;Poker Weight
B00TIJG4Q8;Across The Board Baseball, Maple;$49.99;Across The Board
B00TJ2KEEW;Walter Products, Universal Microscope Carrying Case;$62.00;Walter Products
B00TQIRXHK;POCO DIVO Kids Play Mat Multi-Color Puzzle Excise Mat EVA Foam Floor Safe Playmat;$12.98;POCO DIVO
B00TR0V3VE;YoYoFactory Velocity YO YO;$14.99;YoYoFactory
B00TV385NQ;Hex Bug Seahorse Aquabot;$9.73;HEXBUG
B00UJENAZY;Andaz Press Chocolate Drop Labels Trio, Fits Hershey's Kisses, Baby Shower, Pink, 216-Pack;$7.99;Andaz Press
B00UJENEZK;Andaz Press Chocolate Drop Labels Trio, Fits Hershey's Kisses, Baby Shower, Mint Green, 216-Pack;$7.99;Andaz Press
B00UJENBLW;Andaz Press Chocolate Drop Labels Trio, Fits Hershey's Kisses, Baby Shower, Gray, 216-Pack;$6.99;Andaz Press
B00UJEN824;Andaz Press Chocolate Drop Labels Trio, Fits Hershey's Kisses, Baby Shower, Diamond Blue, 216-Pack;$6.99;Andaz Press
B00UJENCK2;Andaz Press Chocolate Drop Labels Trio, Fits Hershey's Kisses, Baby Shower, Yellow, 216-Pack;$7.99;Andaz Press
B00UJENA4A;Andaz Press Chocolate Drop Labels Trio, Fits Hershey's Kisses, Baby Shower, Baby Blue, 216-Pack;$6.99;Andaz Press
B00UJFCDQU;Andaz Press Chocolate Drop Labels Trio, Fits Hershey's Kisses, Boy Baby Shower, Mint Green, 216-Pack;$7.99;Andaz Press
B00UJFCJPU;Andaz Press Chocolate Drop Labels Trio, Fits Hershey's Kisses, Boy Baby Shower, Baby Blue, 216-Pack;$7.99;Andaz Press
B00UJFCBR6;Andaz Press Chocolate Drop Labels Trio, Fits Hershey's Kisses, Boy Baby Shower, Royal Blue, 216-Pack;$10.99;Andaz Press
B00UJFCEU0;Andaz Press Chocolate Drop Labels Trio, Fits Hershey's Kisses, Boy Baby Shower, Navy Blue, 216-Pack;$7.99;Andaz Press
B00UT03HO2;Electronics-Salon 1uF to 9999uF Step-1uF Four Decade Programmable Capacitor Board.;$19.99;Electronics-Salon
B00UTLRSVY;Prism Bora Single-line Parafoil Kite;$24.58;Prism Kite Technology
B00UTLRI0A;Prism Synapse Dual-line Parafoil Kite;$41.86;Prism Kite Technology
B00V0LG5I4;Number Stickers for Helmets (Football, Baseball, Softball, Hockey, Lacrosse, Etc.) 1-50;$11.00;Award Decals
B00VETQ456;High Bounce Balance Bike Adjustable from 11''-16'';$39.99;High Bounce
B00VLPSPR8;Hengda kite Long Tail Cartoon Fighter Kites The Plane Kite for Children 1.5m with Flying Line;$13.90;HENGDA KITE
B00VREWDJE;YBIKE Bike Pewi Elite Bike Walking Ride On Toy;$3.77;YBIKE
B00VVGIBX0;WowWee Robotic Enhanced Vehicles (R.E.V);$28.99;WowWee
B00VZ6D3CU;Fun Express Plastic Railroad Treat Bags, 12 Piece;$5.89;Fun Express
B00W4HZC3W;Cruzee Bike;$8.67;Cruzee
B00WG3KTL4;Makeblock Robot Gripper with Four Standard M4 Thread Holes Easy Assembly;$14.00;Makeblock
B00WH7H0H0;12 x Toy Crossbow Archery Sucker Darts Toy Gun;$7.99;SAS
B00WUAGON0;ETA hand2mind Plastic Fillable 3D Shapes, Clear Geometric Solids for Measuring Volume (Set of 6);$17.12;ETA hand2mind
B00X8JCB5C;Deluxe Acrylic Pendulum Wave Demonstration Kit w/Teacher's Guide;$94.95;OnlineScienceMall
B00XKS5XTC;LLF Luxury 24K Gold Foil Poker Playing Cards Deck Carta de Baralho with Box Good Gift Idea;$11.99;LLF
B00XWRK9E0;Syma X5c 4 Channel 2.4ghz Rc Explorers Quad Copter Drone with Camera;$38.30;SYMA
B00YLUKYTM;1 Ruble 1970 100 Years of the V I Lenin Birth USSR Soviet Russian Coin;$6.00;USSR
B00YTZMQOU;Fun Express Construction Worker Rubber Ducky Party Favors Set (1 Dozen);$7.49;Fun Express
B00ZA9AZRE;Solitaire Hand Held Electronic Arcade Game;$16.88;CuteMch
B00ZYCABW6;Train Party Mini Tote Bags - 12 ct;$8.41;Fun Express
B00ZZVPOAA;StarMall Set of 10 16MM Round Wooden Dice Set;$5.20;StarMall
B01011MR2G;Eisco Labs Contact Key, Telegraphing/Morse Code, Double;$15.15;EISCO
B0102ACG4A;Calico Critters School Lunch Set;$18.79;Calico Critters
B0102ACFNM;Calico Critters School Music Set;$16.97;Calico Critters
B010F6B96C;Bicycle Pinochle Jumbo Playing Cards (Pack of 12);$34.94;Bicycle
B010F6BXEA;Bicycle Standard Index Playing Cards;$13.22;Bicycle
B010F6BAES;Bicycle Standard Index Playing Cards;$6.93;Bicycle
B010F6BJNA;Bicycle Bridge Playing Cards (Pack of 12);$40.19;Bicycle
B010F6BY2G;Bicycle Prestige Plastic Playing Cards (Pack of 2);$18.99;Bicycle
B010OW6EPI;SkateHoarding Skateboard Wall Hanger Mount Rack Display;$12.95;SkateHoarding
B010R4GZEI;Breast Cancer Awareness Pink Ribbon Balloons (25 Balloons - 2 Colors);$12.00;Fundraising For A Cause
B010UHKE3U;Fun toys Mini Dinosaurs;$7.28;Fun toys
B0110CQWV2;Hacky Sack Jester - Corduroy Style;$9.95;Flying Clipper
B01136TUL4;Best Choice Products Portable Aluminum Cornhole Bean Bag Toss Game Set w/ Carrying Case - Black;$62.99;BEST CHOICE PRODUCTS
B0115RTX6I;Eisco Labs Food Calorimeter - With Experiment Guide;$38.99;EISCO
B01169H2CC;Thomas the Train Imagine Ink Book and Sticker Book Set (2 Books and Mess Free Marker);$8.95;Thomas the Train
B011AFKNYQ;BCW 1-BG-58X89 Gaming - Board Game Sleeves - 58 mm X 89 mm;$5.99;BCW
B011CC7XD6;Ridley's Games Brain Freeze Quiz Card Guessing Game for Kids and Adults;$14.98;Ridley's Games Room
B0121MCFSE;Military Challenge Coin / Poker Chip Display Case Cabinet Rack Shadow Box Wood, (COIN46-BL);$39.95;DisplayGifts
B012A680R6;JKshop 4x Upgrade Length 20mm Alloy Hub Hex 12mm for Rc Crawler Scx10 Rc4wd D90;$9.59;Jkshop
B012AQB2EY;aGreatLife Money Maze Puzzle Box: Perfect Puzzle Money Holder and Brain Teasers for Kids and Adults;$9.90;aGreatLife
B012P7BYRI;Harlequin Costume Black Leather Eye Mask - Great Halloween Accessory;$10.95;Cos Pro
B012TBKNVI;Uxcell a15060800UX0656 Car Truck Model Toys Wheel (Pack of 20);$12.46;uxcell
B012W5PIS4;JuggleBug Juggling Clubs, 18 Inches, Set of 3;$29.11;Jugglebug
B01328GO60;BLITZBALL Plastic Baseball (2 Pack);$11.99;BLITZBALL
B013B4AOZC;Happyi 50pcs Amazing Led Light Arrow Rocket Helicopter Flying Toy Party Fun Gift Elastic;$14.99;Happyi
B013C8YDFY;6 Pack of 1/64 Clear Diecast Car Display Cases;$16.93;Made in USA
B013FPMABI;Crayola White Chalk 12 Ea (Pack of 36);$23.48;Crayola
B013IYFMDY;Universal Studios Minions 2015 Despicable Party Gift Bag (Set of 12);$11.25;Universal Studios
B013JBM5OK;Disney Nickelodeon Marvel Birthday Goodies Gift Favor Bags Party Supplies - 12 Pieces (Cars - Red);$12.64;Disney,Nickelodeon,Marvel
B013JQDLDE;Lego City Fire Station;$168.69;GAMES & TOYS|LEGO
B013QPFI3O;Yosoo 12 pcs Dart Foam EVA Soft Bullet Target for Nerf N-Strike Elite Series Blasters;$10.99;Yosoo
B013RDKAOM;Epic MMA Gear WOD Shorts Agility 1.0;$24.99;Epic MMA Gear
B013RGA5TE;Ezyroller Drifter Ride On - Go Faster Than Ever Before - Lime Green;$8.36;Ezyroller
B014JOV4TI;Pre-Formed 140-piece Jumper Wire Kit;$6.45;NightFire Electronics
B014NL4J5I;HENGDA KITE New 60-Inch Edge Eagle Kite;$8.90;HENGDA KITE
B014RAN096;Callaway GPSy Golf GPS Watch;$138.00;Callaway
B014ROZXFG;Gulf Coast Sales NFL Rally Men Hoodie Bear;$9.49;Gulf Coast Sales
B014V0THS0;Learning Advantage 7346 Jumbo 20 Sided Foam Die D20 Giant Dice;$13.61;Learning Advantage
B014V0TOFQ;edx education Step-A-Forest - Balance Beams for Kids;$217.46;edx education
B01539KPT8;edx education Four Color Plastic Base Ten Set;$28.32;edx education
B0153YD216;Gearheads by Gearheads PC;$30.80;Philips
B015JNVKS8;Firefly Kids Toothbrush, Soft - Star Wars Obi-Wan Lightsaber;$6.50;Firefly
B015NVXLWO;Nuolux 9pcs Hippie Style Colorful Knurled Braided Thread Wrist Ankle Bracelets (Random Color);$6.99;Nuolux
B015ZKV0V2;POCO DIVO Giant Play Mat Color Excise Mat Solid Foam Floor;$17.98;POCO DIVO
B015ZL1L60;Crayola Washable Watercolor Paint, 16 Colors (Pack of 3);$11.75;Crayola
B01601EBP2;KOVOT Oversize Games;$11.99;Kovot
B0164P433Y;YoYo Factory-Replay Pro - Tough Poly-Carbonate, with a Center Trac Bearing.;$15.99;YoYoFactory
B016C3H2L8;ETA hand2mind Primary Bucket Balance Teaching Scale for Kids;$13.95;ETA hand2mind
B016C3H416;ETA hand2mind Play Money Plastic Coins (Pack of 500);$14.95;ETA hand2mind
B016DIDXX8;WINOMO Pirate Skull Crossbone Children Kids Eye Patch Eye Mask for Lazy Eye (Black);$6.99;WINOMO
B016DU8TF8;ETA hand2mind Plastic Rainbow Fraction Tower Linking Cubes with Fractions Only (Set of 51);$15.95;ETA hand2mind
B016DU8UR0;ETA hand2mind Plastic, Assorted Colors, Wooden-Alternative Cuisenaire Rods (Set of 74);$8.78;ETA hand2mind
B016DU8RWS;ETA hand2mind 20-Bead Wood Rekenrek, Math Counting Frame (Ages 4+);$10.90;ETA hand2mind
B016M66NLU;2-Decks Poker Size Royal 100% Plastic Playing Cards Set in Plastic Case;$8.99;Royal Playing cards
B016O8GTJW;NUOLUX Pirate Eye Patch Skull Crossbone Eye Patch Eye Mask for Halloween (Black);$7.89;NUOLUX
B016OWI72A;The Game of Life Game Replacements Pieces (Classic);$11.99;Hasbro
B016PSHZD0;Neon Bright Party Set-12 Neon Gangster Hats with 12 Neon Shutter Glasses;$18.69;Funny Party Hats
B016SEJ2EG;Bubbletastic Bacon Bubble Machine for Dogs - With FREE 8oz. Bottle of Bacon Bubbles!;$24.95;Dog Bacon Bubble Machine - Blows Bacon Scented Bubbles!
B0176IESKG;SmartLab Toys All-Natural Lip Balm Boutique;$17.99;The Quarto Group
B0176NJRV6;Kwik Tek SunComfort Saddle Swirl Towable;$33.85;Airhead
B0177PTG1E;Poof-Slinky Inc 0C241 Way Countdown Game, 2 to 4 Players, Multicolor;$34.99;Poof Slinky
B017ACLAVI;ETA hand2mind Giant ManipuLite Foam Floor Pattern Blocks, Set of 49;$21.95;ETA hand2mind
B017CB7JR6;Tutus for Girls (Set of 3 -- Dress Up Tutu Costumes -- Pink, Purple and Blue);$9.95;Tutus for Girls
B017LDY6SU;Hengda Kite Kids Children Cartoon Monkey Kites with Flying Line;$8.99;HENGDA KITE
B017N3J3MM;Crayola BIN232235 LLC Model Magic Pastel Bucket, 2 lb.;$26.64;Crayola
B017Y3XW8M;Velociraptor Slashing Claw 2988;$12.00;Unknown
B0188WG0OG;Lovful Cosplay Costume Mask Halloween Party Cool Mask;$10.99;Lovful
B018H45EQA;Rave EZ Set Ice Rink 200;$129.99;Rave Sports
B018J12DF6;Party Animal Teenymates WWE Series 1 Mini Figure (6 Pack);$9.99;Party Animal
B018OM5MGC;BCW PRO 16-POCKET PAGE - TOPLOAD - (20 CT. PACK) FOR X-WING AND ARMADA UPGRADES;$6.10;BCW
B0195MAVFC;Ellusionist Killer Bees Playing Card Deck;$12.95;Ellusionist
B019GZKDBK;Gmasking Horror Halloween Costume Hockey Mask Party Cosplay Props;$11.98;Gmasking
B019JOG9YS;Paw Patrol Foam Kickboard;$8.47;Paw Patrol
B019QX397W;Union Playing Cards;$8.95;theory11
B01A0FEJWY;GoFloats Inflatable Swan Pool Float Party Tube, Float in Style (for Adults and Kids);$7.99;GoFloats
B01A0FEMSA;GoFloats Inflatable Swan Pool Float Party Tube, Float in Style (for Adults and Kids);$19.99;GoFloats
B01A316WNE;LED Light up Gloves Finger Light Gloves for Kids Adults Glow Rave EDM Gloves Funny Novelty Gifts;$9.99;DX DA XIN
B01A37S6UK;CMK Trendy Kids Sparkly Glitter Toddler Kids Purse for Girls Quilted Little Girl Purses;$14.99;CMK Trendy Kids
B01A3W44LK;CMK Trendy Kids Sparkly Glitter Toddler Kids Purse for Girls Quilted Little Girl Purses;$14.99;CMK Trendy Kids
B01A3W44M4;CMK Trendy Kids Sparkly Glitter Toddler Kids Purse for Girls Quilted Little Girl Purses;$14.99;CMK Trendy Kids
B01A3W44KG;CMK Trendy Kids Sparkly Glitter Toddler Kids Purse for Girls Quilted Little Girl Purses;$14.99;CMK Trendy Kids
B01AIY4XU0;Peppa Pig Balloon Birthday Party Favour Supplies 5ct Foil Balloon Bouquet;$10.25;Anagram
B01AO9VR76;Caspari Party Supplies Kit for 8 (Party Animals);$32.94;Caspari
B01APNZMNG;Corolle DMV82 Mon Premier Ballerina Fuchsia Suit Doll, 12 Inches;$21.85;Corolle
B01APS0RHM;Hello Kitty Official Tee-ball 24 Inch 14 Oz Minus 10 Bat;$23.95;Easton
B01ARAZQM4;EZ Bioresearch Sterile 100 mm X 15 mm Petri Dish with Lid, vented, 2 x Pack of 10;$10.95;EZ BioResearch
B01ARJ9AT0;Ultra Pro Platinum 16 Pocket Platinum Mini American Cards, 41mm x 63mm, Clear;$16.98;Ultra Pro
B01AUHYBKW;YYF Blue Castration Banding Tail Dock Cattle Sheep Goat Puppy and 100 Bands;$28.88;YYF
B01AXBHFEY;Dowling Magnets DO-732155 Magnetic Demonstration Number Line, -10 to 120;$16.99;Dowling Magnets
B01AXCF4K0;Learning Advantage 19035 Printed Fraction Circles Set (Pack of 51);$13.86;Learning Advantage
B01AZMMR4Y;Beistle - TREAURE MAP DOOR COVER;$5.50;Beistle
B01B8AMPAS;Super Mario Brothers Paper Hats, Party Favor;$2.99;Amscan
B01BCC8GCI;Squirrel Products High Back Full Bucket Toddler Swing Seat with Plastic Coated Chains - Swing Set;$37.99;Squirrel Products
B01BCE6F24;Squirrel Products Heavy Duty Swing Seat - Swing Set Accessories Swing Seat Replacement;$22.99;Squirrel Products
B01BCYTJDQ;DAZCOS Cosplay Accessories Japanese Anime for Leaf Village Headband;$7.89;DAZCOS
B01BE4HS2I;T-Rex Dinosaur Fill in Thank You Cards for Kids Birthday (20 Count with Envelopes);$14.99;Old Blue Door Invites
B01BFGSZ9U;Justice League Foil Swirl Value Pack Decorations, Party Favor;$6.21;Amscan
B01BHDMGFK;Golf Stress Ball with Wood Club Stand.;$22.95;Samsonico USA
B01BHG0O1A;Amscan Super Mario Brothers Gold Coins, Party Favor - 396613;$3.09;Amscan
B01BLPIV62;Light Up Frozen Snowflake Wand;$9.99;FlashingBlinkyLights
B01BMWTKKK;Translucent Playstix;$20.82;Popular Playthings
B01BV2CBZ2;Razor Jr. T3 Scooter;$4.20;Razor
B01C6O7Q68;ETA hand2mind Wood, Assorted Colors, Dominoes Double-Six Classroom Kit (6 Sets of 28);$18.36;ETA hand2mind
B01C6O7Q0Y;ETA hand2mind Ten-Sided Decahedra 0-9 Dice, Set of 5;$8.95;ETA hand2mind
B01CC9NCSS;World Footbag USA Flag Hacky Sack Footbag;$8.00;World Footbag
B01CDJR57Q;WhomBatz Bolt, Padded Foam Short Sword (Double Pack);$34.99;Whombatz
B01CEEO8ZM;World Footbag Sir Hemp Hacky Sack Footbag, Black/Green/Grey/Red/Tan/Yellow;$8.00;World Footbag
B01CIGIFE6;ETA hand2mind Linking Snap Cubes, Math Manipulative (Set of 100);$12.95;ETA hand2mind
B01CSL322G;Game Room Guys Dome Bubble Hockey Pucks - Set of 6;$19.99;Game Room Guys
B01CVLFVWM;Ultra Pro Protective Sleeves for Pennants (20 Count Pack), Clear;$23.75;Ultra Pro
B01CWH5S0U;YoYo Factory-Replay Pro - Tough Poly-Carbonate, with a Center Trac Bearing.;$15.99;YoYoFactory
B01CZLPAOM;Electronics-Salon 1R - 9999999R Seven Decade Programmable Resistor Board, Step 1R, 1%, 1/2 Watt.;$17.00;Electronics-Salon
B01D2WUE9O;Topsung Moyu Aolong V2 Speed Cube 3x3 Magic Cube Puzzle with Tripod Base;$11.74;Topsung
B01D3VZ4UI;Qualatex Hand Held Air Inflator - Double Action Balloon Pump;$16.99;Qualatex
B01D5EBGPU;Spiderman Party Favor Goodie Small Gift Bags 12 Pcs;$13.89;Spider-Man
B01D7SS1X4;BalanceFrom Kid's Puzzle Exercise Play Mat with EVA Foam Interlocking Tiles;$26.95;BalanceFrom
B01D9KHJ7E;ETA hand2mind Plastic Fraction and Decimal Dominoes Game, Math Manipulative Tiles (Set of 30);$16.95;ETA hand2mind
B01D9PJXOQ;SKLZ Pro Mini Hoop 7' Adjustable Basketball System;$153.10;SKLZ
B01DCJZJOM;Hoyle Clear Plastic Playing Cards (4-Pack);$21.65;Hoyle
B01DGDVWEK;Franklin Sports 2-in-1 Basketball Set;$22.49;Franklin Sports
B01DJHH52Q;Dr.dudu Inflatable Guitar, Waterproof Assorted Colors Party Decoration (6pack);$9.49;DR.DUDU
B01DTIFMSY;Math Games by VersaTiles, Self Guided Puzzle Workbook and Self Checking Answer Case;$29.21;ETA hand2mind
B01DWQR0LA;BIXBI Rawbble Duck, 26-Ounce;$93.46;BIXBI
B01DXEF2AW;Edx Education Rainbow Pebbles - Sorting and Stacking Stones;$26.54;edx education
B01E79NHK4;MMP Living Kids Magician Costume;$24.99;MMP Living
B01E7CPC3G;MMP Living Kids Magician Costume;$34.99;MMP Living
B01ECXP6AY;Fun Express Gold Superhero Slap Bracelets - 12 pcs by Party Supplies;$9.99;Fun Express
B01ESWPP8M;NoMad Playing Cards;$9.95;theory11
B01ESWPBE0;Artisan Playing Cards (White);$9.93;theory11
B01ESWPHVW;MailChimp Playing Cards (Red);$9.95;theory11
B01ESWPHP8;Tycoon Playing Cards (Black);$10.63;theory11
B01ESWPHJO;Tycoon Playing Cards (Blue);$9.95;theory11
B01ESWPIH0;Contraband Playing Cards;$9.95;theory11
B01ESWPPB4;Citizen Playing Cards;$9.79;theory11
B01ESWPIB6;Love Me Playing Cards;$9.45;theory11
B01EUG96J0;Triumph Fun Size 54 Tumble Strong Stacking Wooden Blocks for Game Nights with Family and Friends;$59.41;Triumph Sports
B01EWBQF2O;Happy Cherry Bride and Groom Soccer Fan Cake Topper;$15.99;Happy Cherry
B01EXO2HNG;40 Tattoos: Australian Flag, Australia Party Favors;$4.99;PremiumTT temporary tattoos
B01EYYRF64;GoFloats Inflatable Floatmingo Drink Holder (3 Pack), Float Your Drinks in Style;$7.99;GoFloats
B01F3IQLRE;KUYOU Kids Boxing Gloves, Pu Kids Children Cartoon Sparring Boxing Gloves Training Age 5-12 Years;$12.98;KUYOU
B01FGFP9UE;NFL Football Cards Party Favors - (10) Sets of 10 Football Cards Gift Set Goody Bags;$11.95;Superior Sports Investments
B01FU72D4S;GlowCity Light Up Basketball Hoop Kit with LED Basketball;$59.95;GlowCity
B01FVV8UVI;Whitelotous Silver Plated Diamond Jewelry Bride Crown Tiara Bride's Headdress - Gold by Whitelotous;$10.99;Whitelotous
B01FYLEQBI;iFetch Frenzy;$29.95;iFetch
B01FZX43CC;SII NEW!!!Bingo #1 Dauber 6 Pocket Tote Bag;$17.95;SII
B01G1P4OMC;The cast nut caused difficulty level 6 by Hanayama;$14.50;Hanayama
B01G3J31V6;GoFloats Inflatable Unicorn Drink Holder (3 Pack), Float Your Drinks in Style;$12.99;GoFloats
B01G5HR8TC;The Metagame by Local No. 12;$25.00;The Metagame
B01GAAGCWS;ECR4Kids SoftZone Climb and Crawl Foam Play Set for Toddlers and Preschoolers (5-Piece);$167.99;ECR4Kids
B01GGFQW40;Glow Party Supply Pack for 16 Guests: Straws, Dinner Plates, Cups, Luncheon Napkins, and Table Cover;$24.95;Cedar Crate Market
B01GGMB5PY;40 Tattoos: South Korean Flag, Korea Party Favors;$4.99;PremiumTT temporary tattoos
B01GHM1H06;Cheerwing 6oz PU Kids Boxing Gloves Junior Cartoon Punch Bag MMA Sparring Dajn Training;$11.98;Cheerwing
B01GMYPSWM;Texas Instruments CD4017 CD4017BE CMOS Decade Counter with 10 Decoded Outputs DIP16 10 Pieces;$7.99;LASUS
B01GSDTUP8;Oodles of Noodles Deluxe Famous Foam Pool Noodles -Made in USA 4 Pack;$11.99;Oodles of Noodles
B01GVPGTFC;SEOH Electric Buzzer DC 3-24 V for Physics Circuits 10 Pack;$11.95;SEOH
B01H4D8ITK;Apostrophe Games Dry Erase Blank Cards (Poker Size);$5.99;Apostrophe Games
B01H4UDQ04;Schwinn Skip 2 Balance Bike;$4.53;Schwinn
B01H5M4V3C;Intex Inflatable See Me Sit Pool Ride for Age 3-4;$6.90;Intex
B01H5M4UE2;Intex Inflatable See Me Sit Pool Ride for Age 3-4;$6.90;Intex
B01HDYPU8C;Number Stickers for Helmets (Football, Baseball, Softball, Hockey, Lacrosse, Etc.);$15.00;Award Decals
B01HE7TL06;Ymkf Sqqr Dancing Ribbon Streamer Rhythm Ribbon;$9.99;Ymkf Sqqr
B01HG06FFU;Top Quality Agile Poker Estimation Planning Cards;$13.99;Clearly Agile, Inc
